CREATE DATABASE Law_School;

CREATE TABLE law_schools (
    school_id INT PRIMARY KEY, 
    school_name VARCHAR(255) NOT NULL,
    city VARCHAR(255),
    state VARCHAR(255),
    accreditation BOOLEAN NOT NULL
);

CREATE TABLE admissions (
    admissions_id CHAR(6) PRIMARY KEY, 
    school_id INT NOT NULL,
    total_applications INT NOT NULL,
    total_offers INT NOT NULL,
    total_fy_class INT NOT NULL,
    ugpa_75th_percentile DECIMAL(3, 2),
    ugpa_50th_percentile DECIMAL(3, 2),
    ugpa_25th_percentile DECIMAL(3, 2),
    lsat_75th_percentile INT,
    lsat_50th_percentile INT,
    lsat_25th_percentile INT,
    FOREIGN KEY (school_id) REFERENCES law_schools(school_id) ON DELETE CASCADE
);

CREATE TABLE bar_exam (
    bar_exam_id CHAR(6) PRIMARY KEY, 
    school_id INT NOT NULL,
    graduates_in_2023 INT NOT NULL,
    total_first_time_takers INT NOT NULL,
    grads_no_bar_2023 INT NOT NULL, 
    grads_no_bar_percentage DECIMAL(5, 2), 
    grads_no_info INT NOT NULL, 
    grads_no_info_percentage DECIMAL(5, 2), 
    total_first_time_passers INT NOT NULL,
    avg_school_pass_percent DECIMAL(5, 2),
    FOREIGN KEY (school_id) REFERENCES law_schools(school_id) ON DELETE CASCADE
);

CREATE TABLE employment_data (
    employment_id CHAR(6) PRIMARY KEY, 
    school_id INT NOT NULL, 
    full_time_employed INT NOT NULL, 
    under_employed INT NOT NULL, 
    unknown INT NOT NULL, 
    biglaw_100 INT NOT NULL, 
    public_service INT NOT NULL, 
    fed_clerks INT NOT NULL, 
    law_school_funded INT NOT NULL,
    FOREIGN KEY (school_id) REFERENCES law_schools(school_id) ON DELETE CASCADE
);

CREATE TABLE grants (
    grants_id CHAR(6) PRIMARY KEY, 
    school_id INT NOT NULL, 
    tuition DECIMAL(10, 2) NOT NULL, 
    percent_students_receiving_grants DECIMAL(5, 2) NOT NULL,
    FOREIGN KEY (school_id) REFERENCES law_schools(school_id) ON DELETE CASCADE
);

CREATE TABLE debt (
    debt_id CHAR(6) PRIMARY KEY, 
    school_id INT NOT NULL, 
    institution_type VARCHAR(100) NOT NULL, 
    avg_loan_disbursement DECIMAL(12, 2) NOT NULL, 
    percent_borrowing DECIMAL(5, 2) NOT NULL,
    FOREIGN KEY (school_id) REFERENCES law_schools(school_id) ON DELETE CASCADE
);

CREATE TABLE gender (
    gender_id CHAR(6) PRIMARY KEY, 
    school_id INT NOT NULL, 
    total_fy_class_total INT NOT NULL, 
    total_fy_class_men INT NOT NULL, 
    total_fy_class_women INT NOT NULL, 
    total_fy_class_another_gender_identity INT DEFAULT 0, 
    total_fy_class_prefer_not_to_report INT DEFAULT 0,
    FOREIGN KEY (school_id) REFERENCES law_schools(school_id) ON DELETE CASCADE
);

CREATE TABLE race_demographics (
    race_demographics_id CHAR(6) PRIMARY KEY, 
    school_id INT NOT NULL, 
    race_unknown INT DEFAULT 0, 
    white INT DEFAULT 0, 
    hispanic INT DEFAULT 0, 
    american_indian INT DEFAULT 0, 
    asian INT DEFAULT 0, 
    african_american INT DEFAULT 0, 
    native_hawaiian_pacific_islander INT DEFAULT 0, 
    two_or_more_races INT DEFAULT 0,
    FOREIGN KEY (school_id) REFERENCES law_schools(school_id) ON DELETE CASCADE
);

INSERT INTO law_schools (school_id, school_name, city, state, accreditation)
VALUES
(1001, 'University of Akron', 'Akron', 'Ohio', TRUE),
(1002, 'University of Alabama', 'Tuscaloosa', 'Alabama', TRUE),
(1003, 'Albany Law School', 'Albany', 'New York', TRUE),
(1004, 'American University', 'Washington', 'DC', TRUE),
(1005, 'Appalachian School of Law', 'Grundy', 'Virginia', TRUE),
(1006, 'Arizona State University College of Law', 'Phoenix', 'Arizona', TRUE),
(1007, 'University of Arizona', 'Tucson', 'Arizona', TRUE),
(1008, 'University of Arkansas at Fayetteville', 'Fayetteville', 'Arkansas', TRUE),
(1009, 'University of Arkansas at Little Rock', 'Little Rock', 'Arkansas', TRUE),
(1010, 'Atlanta''s John Marshall Law School', 'Atlanta', 'Georgia', TRUE),
(1011, 'Ave Maria School of Law', 'Naples', 'Florida', TRUE),
(1012, 'University of Baltimore', 'Baltimore', 'Maryland', TRUE),
(1013, 'Barry University School of Law', 'Orlando', 'Florida', TRUE),
(1014, 'Baylor University', 'Waco', 'Texas', TRUE),
(1015, 'Belmont University', 'Nashville', 'Tennessee', TRUE),
(1016, 'Boston College Law School', 'Newton', 'Massachusetts', TRUE),
(1017, 'Boston University School of Law', 'Boston', 'Massachusetts', TRUE),
(1018, 'Brigham Young University (J. Reuben Clark Law School)', 'Provo', 'Utah', TRUE),
(1019, 'Brooklyn Law School', 'Brooklyn', 'New York', TRUE),
(1020, 'California Western School of Law', 'San Diego', 'California', TRUE),
(1021, 'University of California, Berkeley', 'Berkeley', 'California', TRUE),
(1022, 'University of California, Davis', 'Davis', 'California', TRUE),
(1023, 'University of California, Irvine', 'Irvine', 'California', TRUE),
(1024, 'University of California, Los Angeles', 'Los Angeles', 'California', TRUE),
(1025, 'Campbell University School of Law', 'Raleigh', 'North Carolina', TRUE),
(1026, 'Capital University Law School', 'Columbus', 'Ohio', TRUE),
(1027, 'Cardozo School of Law (Yeshiva University)', 'New York', 'New York', TRUE),
(1028, 'Case Western Reserve University School of Law', 'Cleveland', 'Ohio', TRUE),
(1029, 'Catholic University of America (Columbus School of Law)', 'Washington', 'DC', TRUE),
(1030, 'Chapman University School of Law', 'Orange', 'California', TRUE),
(1031, 'Charleston School of Law', 'Charleston', 'South Carolina', TRUE),
(1032, 'Chicago-Kent College of Law (Illinois Institute of Technology)', 'Chicago', 'Illinois', TRUE),
(1033, 'University of Chicago', 'Chicago', 'Illinois', TRUE),
(1034, 'University of Cincinnati College of Law', 'Cincinnati', 'Ohio', TRUE),
(1035, 'City University of New York School of Law', 'New York', 'New York', TRUE),
(1036, 'Cleveland State University College of Law', 'Cleveland', 'Ohio', TRUE),
(1037, 'University of Colorado Boulder', 'Boulder', 'Colorado', TRUE),
(1038, 'Columbia University (Columbia Law School)', 'New York', 'New York', TRUE),
(1039, 'University of Connecticut School of Law', 'Hartford', 'Connecticut', TRUE),
(1040, 'Cooley Law School (Western Michigan University)', 'Lansing', 'Michigan', TRUE),
(1041, 'Cornell University Law School', 'Ithaca', 'New York', TRUE),
(1042, 'Creighton University School of Law', 'Omaha', 'Nebraska', TRUE),
(1043, 'University of Dayton School of Law', 'Dayton', 'Ohio', TRUE),
(1044, 'University of Denver (Sturm College of Law)', 'Denver', 'Colorado', TRUE),
(1045, 'DePaul University College of Law', 'Chicago', 'Illinois', TRUE),
(1046, 'University of Detroit Mercy School of Law', 'Detroit', 'Michigan', TRUE),
(1047, 'University of the District of Columbia (David A. Clarke School of Law)', 'Washington', 'DC', TRUE),
(1048, 'Drake University Law School', 'Des Moines', 'Iowa', TRUE),
(1049, 'Drexel University Thomas R. Kline School of Law', 'Philadelphia', 'Pennsylvania', TRUE),
(1050, 'Duke University School of Law', 'Durham', 'North Carolina', TRUE),
(1051, 'Duquesne University School of Law', 'Pittsburgh', 'Pennsylvania', TRUE),
(1052, 'Elon University School of Law', 'Greensboro', 'North Carolina', TRUE),
(1053, 'Emory University School of Law', 'Atlanta', 'Georgia', TRUE),
(1054, 'Faulkner University (Thomas Goode Jones School of Law)', 'Montgomery', 'Alabama', TRUE),
(1055, 'Florida A&M University College of Law', 'Orlando', 'Florida', TRUE),
(1056, 'Florida International University College of Law', 'Miami', 'Florida', TRUE),
(1057, 'Florida State University College of Law', 'Tallahassee', 'Florida', TRUE),
(1058, 'University of Florida (Levin College of Law)', 'Gainesville', 'Florida', TRUE),
(1059, 'Fordham University School of Law', 'New York', 'New York', TRUE),
(1060, 'George Mason University Antonin Scalia Law School', 'Arlington', 'Virginia', TRUE),
(1061, 'George Washington University Law School', 'Washington', 'DC', TRUE),
(1062, 'Georgetown University Law Center', 'Washington', 'DC', TRUE),
(1063, 'Georgia State University College of Law', 'Atlanta', 'Georgia', TRUE),
(1064, 'University of Georgia School of Law', 'Athens', 'Georgia', TRUE),
(1065, 'Golden Gate University School of Law', 'San Francisco', 'California', TRUE),
(1066, 'Gonzaga University School of Law', 'Spokane', 'Washington', TRUE),
(1067, 'Harvard Law School', 'Cambridge', 'Massachusetts', TRUE),
(1068, 'University of Hawaii at Manoa (William S. Richardson School of Law)', 'Honolulu', 'Hawaii', TRUE),
(1069, 'Hofstra University (Maurice A. Deane School of Law)', 'Hempstead', 'New York', TRUE),
(1070, 'University of Houston Law Center', 'Houston', 'Texas', TRUE),
(1071, 'Howard University School of Law', 'Washington', 'DC', TRUE),
(1072, 'University of Idaho College of Law', 'Moscow', 'Idaho', TRUE),
(1073, 'University of Illinois Urbana-Champaign (College of Law)', 'Champaign', 'Illinois', TRUE),
(1074, 'Indiana University Bloomington (Maurer School of Law)', 'Bloomington', 'Indiana', TRUE),
(1075, 'Indiana University Indianapolis (Robert H. McKinney School of Law)', 'Indianapolis', 'Indiana', TRUE),
(1076, 'Inter American University of Puerto Rico School of Law', 'San Juan', 'Puerto Rico', TRUE),
(1077, 'University of Iowa College of Law', 'Iowa City', 'Iowa', TRUE),
(1078, 'University of Kansas School of Law', 'Lawrence', 'Kansas', TRUE),
(1079, 'University of Kentucky College of Law', 'Lexington', 'Kentucky', TRUE),
(1080, 'Lewis & Clark Law School', 'Portland', 'Oregon', TRUE),
(1081, 'Liberty University School of Law', 'Lynchburg', 'Virginia', TRUE),
(1082, 'Lincoln Memorial University (Duncan School of Law)', 'Knoxville', 'Tennessee', TRUE),
(1083, 'Louisiana State University Paul M. Hebert Law Center', 'Baton Rouge', 'Louisiana', TRUE),
(1084, 'University of Louisville (Brandeis School of Law)', 'Louisville', 'Kentucky', TRUE),
(1085, 'Loyola Marymount University (Loyola Law School)', 'Los Angeles', 'California', TRUE),
(1086, 'Loyola University Chicago School of Law', 'Chicago', 'Illinois', TRUE),
(1087, 'Loyola University New Orleans College of Law', 'New Orleans', 'Louisiana', TRUE),
(1088, 'University of Maine School of Law', 'Portland', 'Maine', TRUE),
(1089, 'Marquette University Law School', 'Milwaukee', 'Wisconsin', TRUE),
(1090, 'University of Maryland Francis King Carey School of Law', 'Baltimore', 'Maryland', TRUE),
(1091, 'McGeorge School of Law (University of the Pacific)', 'Sacramento', 'California', TRUE),
(1092, 'University of Memphis (Cecil C. Humphreys School of Law)', 'Memphis', 'Tennessee', TRUE),
(1093, 'Mercer University School of Law', 'Macon', 'Georgia', TRUE),
(1094, 'University of Miami School of Law', 'Coral Gables', 'Florida', TRUE),
(1095, 'Michigan State University College of Law', 'East Lansing', 'Michigan', TRUE),
(1096, 'University of Michigan Law School', 'Ann Arbor', 'Michigan', TRUE),
(1097, 'University of Minnesota Law School', 'Minneapolis', 'Minnesota', TRUE),
(1098, 'Mississippi College School of Law', 'Clinton', 'Mississippi', TRUE),
(1099, 'University of Mississippi School of Law', 'University', 'Mississippi', TRUE),
(1100, 'University of Missouri School of Law', 'Columbia', 'Missouri', TRUE),
(1101, 'University of Missouri-Kansas City School of Law', 'Kansas City', 'Missouri', TRUE),
(1102, 'Mitchell Hamline School of Law', 'Hamline', 'St. Paul', TRUE),
(1103, 'University of Montana (Alexander Blewett III School of Law)', 'Missoula', 'Montana', TRUE),
(1104, 'University of Nebraska-Lincoln College of Law', 'Lincoln', 'Nebraska', TRUE),
(1105, 'New England Law | Boston', 'Boston', 'Boston', TRUE),
(1106, 'University of New Hampshire Franklin Pierce School of Law', 'Concord', 'New Hampshire', TRUE),
(1107, 'University of New Mexico School of Law', 'Albuquerque', 'New Mexico', TRUE),
(1108, 'New York Law School', 'New York', 'New York', TRUE),
(1109, 'New York University School of Law', 'New York', 'New York', TRUE),
(1110, 'North Carolina Central University School of Law', 'Durham', 'North Carolina', TRUE),
(1111, 'University of North Carolina at Chapel Hill School of Law', 'Chapel Hill', 'North Carolina', TRUE),
(1112, 'University of North Dakota School of Law', 'Grand Forks', 'North Dakota', TRUE),
(1113, 'Northeastern University School of Law', 'Boston', 'Massachusetts', TRUE),
(1114, 'Northern Illinois University College of Law', 'DeKalb', 'Illinois', TRUE),
(1115, 'Northern Kentucky University Chase College of Law', 'Highland Heights', 'Kentucky', TRUE),
(1116, 'Northwestern University Pritzker School of Law', 'Chicago', 'Illinois', TRUE),
(1117, 'University of Notre Dame (Notre Dame Law School)', 'Notre Dame', 'Indiana', TRUE),
(1118, 'Nova Southeastern University Shepard Broad College of Law', 'Fort Lauderdale', 'Florida', TRUE),
(1119, 'Ohio Northern University Claude W. Pettit College of Law', 'Ada', 'Ohio', TRUE),
(1120, 'Oklahoma City University School of Law', 'Oklahoma City', 'Oklahoma', TRUE),
(1121, 'University of Oklahoma College of Law', 'Norman', 'Oklahoma', TRUE),
(1122, 'University of Oregon School of Law', 'Eugene', 'Oregon', TRUE),
(1123, 'Pace University Elisabeth Haub School of Law', 'White Plains', 'New York', TRUE),
(1124, 'Pennsylvania State University - Dickinson Law', 'Carlisle', 'Pennsylvania', TRUE),
(1125, 'Pennsylvania State University - Penn State Law', 'University Park', 'Pennsylvania', TRUE),
(1126, 'University of Pennsylvania Law School', 'Philadelphia', 'Pennsylvania', TRUE),
(1127, 'Pepperdine University Caruso School of Law', 'Malibu', 'California', TRUE),
(1128, 'University of Pittsburgh School of Law', 'Pittsburgh', 'Pennsylvania', TRUE),
(1129, 'Pontifical Catholic University of Puerto Rico School of Law', 'Ponce', 'Puerto Rico', TRUE),
(1130, 'University of Puerto Rico School of Law', 'Rio Piedras', 'Puerto Rico', TRUE),
(1131, 'Quinnipiac University School of Law', 'Hamden', 'Connecticut', TRUE),
(1132, 'Regent University School of Law', 'Virginia Beach', 'Virginia', TRUE),
(1133, 'University of Richmond School of Law', 'Richmond', 'Virginia', TRUE),
(1134, 'Roger Williams University School of Law', 'Bristol', 'Rhode Island', TRUE),
(1135, 'Rutgers University Law School', 'Newark', 'New Jersey', TRUE),
(1136, 'Saint Louis University School of Law', 'St. Louis', 'Missouri', TRUE),
(1137, 'Samford University (Cumberland School of Law)', 'Birmingham', 'Alabama', TRUE),
(1138, 'University of San Diego School of Law', 'San Diego', 'California', TRUE),
(1139, 'University of San Francisco School of Law', 'San Francisco', 'California', TRUE),
(1140, 'Santa Clara University School of Law', 'Santa Clara', 'California', TRUE),
(1141, 'Seattle University School of Law', 'Seattle', 'Washington', TRUE),
(1142, 'Seton Hall University School of Law', 'Newark', 'New Jersey', TRUE),
(1143, 'University of South Carolina School of Law', 'Columbia', 'South Carolina', TRUE),
(1144, 'University of South Dakota School of Law', 'Vermillion', 'South Dakota', TRUE),
(1145, 'South Texas College of Law Houston', 'Houston', 'Texas', TRUE),
(1146, 'University of Southern California (Gould School of Law)', 'Los Angeles', 'California', TRUE),
(1147, 'Southern Illinois University School of Law', 'Carbondale', 'Illinois', TRUE),
(1148, 'Southern Methodist University (Dedman School of Law)', 'Dallas', 'Texas', TRUE),
(1149, 'Southern University Law Center', 'Baton Rouge', 'Louisiana', TRUE),
(1150, 'Southwestern Law School', 'Los Angeles', 'California', TRUE),
(1151, 'St. John''s University School of Law', 'Queens', 'New York', TRUE),
(1152, 'St. Mary''s University School of Law', 'San Antonio', 'Texas', TRUE),
(1153, 'University of St. Thomas', 'Miami Gardens', 'Florida', TRUE),
(1154, 'St. Thomas University School of Law (Florida)', 'Miami Gardens', 'Florida', TRUE),
(1155, 'Stanford Law School', 'Stanford', 'California', TRUE),
(1156, 'Stetson University College of Law', 'Gulfport', 'Florida', TRUE),
(1157, 'Suffolk University Law School', 'Boston', 'Massachusetts', TRUE),
(1158, 'Syracuse University College of Law', 'Syracuse', 'New York', TRUE),
(1159, 'Temple University Beasley School of Law', 'Philadelphia', 'Pennsylvania', TRUE),
(1160, 'University of Tennessee College of Law', 'Knoxville', 'Tennessee', TRUE),
(1161, 'Texas A&M University School of Law', 'Fort Worth', 'Texas', TRUE),
(1162, 'University of Texas at Austin School of Law', 'Austin', 'Texas', TRUE),
(1163, 'Texas Southern University Thurgood Marshall School of Law', 'Houston', 'Texas', TRUE),
(1164, 'Texas Tech University School of Law', 'Lubbock', 'Texas', TRUE),
(1165, 'The Ohio State University Moritz College of Law', 'Columbus', 'Ohio', TRUE),
(1166, 'Touro College Jacob D. Fuchsberg Law Center', 'Central Islip', 'New York', TRUE),
(1167, 'Tulane University Law School', 'New Orleans', 'Louisiana', TRUE),
(1168, 'University of Tulsa College of Law', 'Tulsa', 'Oklahoma', TRUE),
(1169, 'University at Buffalo - SUNY School of Law', 'Buffalo', 'New York', TRUE),
(1170, 'University of California College of the Law, San Francisco', 'San Francisco', 'California', TRUE),
(1171, 'University of Illinois Chicago School of Law', 'Chicago', 'Illinois', TRUE),
(1172, 'University of Massachusetts-Dartmouth School of Law', 'North Dartmouth', 'Massachusetts', TRUE),
(1173, 'University of Nevada, Las Vegas (William S. Boyd School of Law)', 'Las Vegas', 'Nevada', TRUE),
(1174, 'University of Toledo College of Law', 'Toledo', 'Ohio', TRUE),
(1175, 'UNT Dallas College of Law', 'Dallas', 'Texas', TRUE),
(1176, 'University of Utah S.J. Quinney College of Law', 'Salt Lake City', 'Utah', TRUE),
(1177, 'Vanderbilt University Law School', 'Nashville', 'Tennessee', TRUE),
(1178, 'Vermont Law School', 'South Royalton', 'Vermont', TRUE),
(1179, 'Villanova University Charles Widger School of Law', 'Villanova', 'Pennsylvania', TRUE),
(1180, 'University of Virginia School of Law', 'Charlottesville', 'Virginia', TRUE),
(1181, 'Wake Forest University School of Law', 'Winston-Salem', 'North Carolina', TRUE),
(1182, 'Washburn University School of Law', 'Topeka', 'Kansas', TRUE),
(1183, 'Washington and Lee University School of Law', 'Lexington', 'Virginia', TRUE),
(1184, 'Washington University in St. Louis School of Law', 'St. Louis', 'Missouri', TRUE),
(1185, 'University of Washington School of Law', 'Seattle', 'Washington', TRUE),
(1186, 'Wayne State University Law School', 'Detroit', 'Michigan', TRUE),
(1187, 'West Virginia University College of Law', 'Morgantown', 'West Virginia', TRUE),
(1188, 'Western New England University School of Law', 'Springfield', 'Massachusetts', TRUE),
(1189, 'Western State College of Law', 'Irvine', 'California', TRUE),
(1190, 'Widener University Commonwealth Law School', 'Harrisburg', 'Pennsylvania', TRUE),
(1191, 'Widener University Delaware Law School', 'Wilmington', 'Delaware', TRUE),
(1192, 'Willamette University College of Law', 'Salem', 'Oregon', TRUE),
(1193, 'William & Mary Law School', 'Williamsburg', 'Virginia', TRUE),
(1194, 'University of Wisconsin Law School', 'Madison', 'Wisconsin', TRUE),
(1195, 'University of Wyoming College of Law', 'Laramie', 'Wyoming', TRUE),
(1196, 'Yale Law School', 'New Haven', 'Connecticut', TRUE);


INSERT INTO admissions (
    admissions_id, school_id, total_applications, total_offers, total_fy_class,
    ugpa_75th_percentile, ugpa_50th_percentile, ugpa_25th_percentile,
    lsat_75th_percentile, lsat_50th_percentile, lsat_25th_percentile
) VALUES
('AD1001', 1001, 588, 365, 127, 3.80, 3.52, 3.16, 157, 153, 151),
('AD1002', 1002, 1634, 435, 126, 4.00, 3.95, 3.63, 168, 167, 159),
('AD1003', 1003, 1294, 710, 191, 3.68, 3.47, 3.22, 157, 155, 152),
('AD1004', 1004, 5368, 1916, 408, 3.75, 3.63, 3.43, 163, 162, 156),
('AD1005', 1005, 644, 349, 61, 3.50, 3.13, 2.65, 151, 146, 145),
('AD1006', 1006, 4178, 889, 199, 3.97, 3.90, 3.47, 169, 167, 157),
('AD1007', 1007, 1605, 471, 119, 3.88, 3.79, 3.58, 164, 163, 159),
('AD1008', 1008, 787, 335, 130, 3.85, 3.71, 3.45, 159, 156, 153),
('AD1009', 1009, 556, 328, 136, 3.68, 3.39, 3.15, 155, 152, 149),
('AD1010', 1010, 1041, 488, 123, 3.51, 3.19, 2.78, 153, 150, 149),
('AD1011', 1011, 770, 348, 100, 3.64, 3.35, 2.98, 155, 152, 150),
('AD1012', 1012, 1086, 637, 226, 3.60, 3.39, 3.09, 157, 154, 151),
('AD1013', 1013, 1431, 796, 245, 3.51, 3.24, 2.95, 152, 149, 147),
('AD1014', 1014, 3005, 534, 95, 3.89, 3.73, 3.53, 165, 164, 160),
('AD1015', 1015, 1166, 462, 115, 3.91, 3.77, 3.56, 162, 160, 157),
('AD1016', 1016, 5650, 756, 213, 3.85, 3.77, 3.59, 168, 167, 161),
('AD1017', 1017, 7297, 1300, 231, 3.91, 3.86, 3.70, 171, 170, 164),
('AD1018', 1018, 504, 145, 103, 3.97, 3.94, 3.74, 170, 168, 162),
('AD1019', 1019, 3758, 1879, 384, 3.70, 3.56, 3.35, 162, 160, 157),
('AD1020', 1020, 1645, 911, 226, 3.57, 3.38, 3.11, 156, 153, 150),
('AD1021', 1021, 6636, 990, 339, 3.97, 3.87, 3.77, 173, 170, 168),
('AD1022', 1022, 3163, 917, 210, 3.82, 3.69, 3.49, 167, 165, 159),
('AD1023', 1023, 2629, 478, 151, 3.84, 3.72, 3.49, 169, 167, 164),
('AD1024', 1024, 6457, 1085, 315, 3.98, 3.92, 3.72, 171, 170, 165),
('AD1025', 1025, 957, 370, 184, 3.73, 3.48, 3.17, 159, 155, 153),
('AD1026', 1026, 556, 431, 152, 3.70, 3.45, 3.06, 155, 150, 147),
('AD1027', 1027, 3148, 1185, 319, 3.88, 3.79, 3.55, 166, 164, 160),
('AD1028', 1028, 1352, 565, 165, 3.84, 3.70, 3.45, 162, 160, 156),
('AD1029', 1029, 1461, 465, 114, 3.75, 3.63, 3.39, 161, 159, 155),
('AD1030', 1030, 1848, 567, 141, 3.77, 3.67, 3.30, 162, 161, 153),
('AD1031', 1031, 1871, 994, 259, 3.72, 3.49, 3.20, 155, 153, 149),
('AD1032', 1032, 1679, 847, 220, 3.80, 3.67, 3.39, 162, 159, 154),
('AD1033', 1033, 5259, 672, 192, 3.99, 3.94, 3.83, 175, 173, 169),
('AD1034', 1034, 833, 397, 126, 3.92, 3.80, 3.54, 161, 158, 154),
('AD1035', 1035, 1572, 627, 213, 3.73, 3.45, 3.12, 157, 153, 150),
('AD1036', 1036, 1006, 361, 150, 3.72, 3.42, 3.00, 157, 155, 152),
('AD1037', 1037, 2807, 961, 169, 3.92, 3.81, 3.51, 166, 164, 159),
('AD1038', 1038, 7754, 948, 415, 3.97, 3.90, 3.81, 175, 173, 169),
('AD1039', 1039, 1443, 423, 146, 3.86, 3.71, 3.40, 162, 160, 155),
('AD1040', 1040, 1207, 557, 146, 3.42, 3.07, 2.71, 151, 148, 146),
('AD1041', 1041, 5198, 956, 191, 3.97, 3.90, 3.78, 175, 172, 169),
('AD1042', 1042, 611, 436, 131, 3.63, 3.35, 3.01, 156, 152, 149),
('AD1043', 1043, 1073, 368, 136, 3.83, 3.61, 3.36, 158, 155, 152),
('AD1044', 1044, 2156, 1086, 272, 3.75, 3.58, 3.31, 162, 160, 156),
('AD1045', 1045, 1771, 772, 162, 3.79, 3.59, 3.27, 159, 157, 153),
('AD1046', 1046, 1103, 576, 219, 3.67, 3.46, 3.11, 156, 154, 151),
('AD1047', 1047, 530, 235, 86, 3.55, 3.27, 2.92, 153, 151, 147),
('AD1048', 1048, 497, 345, 113, 3.77, 3.49, 3.29, 157, 154, 151),
('AD1049', 1049, 1739, 594, 146, 3.84, 3.70, 3.38, 160, 159, 153),
('AD1050', 1050, 6205, 652, 244, 3.96, 3.87, 3.78, 172, 170, 168),
('AD1051', 1051, 911, 505, 169, 3.75, 3.55, 3.20, 158, 156, 153),
('AD1052', 1052, 910, 418, 170, 3.72, 3.43, 3.06, 156, 153, 151),
('AD1053', 1053, 3533, 1444, 282, 3.93, 3.82, 3.62, 168, 166, 161),
('AD1054', 1054, 424, 247, 119, 3.57, 3.21, 2.77, 152, 150, 148),
('AD1055', 1055, 1387, 497, 124, 3.68, 3.52, 3.24, 154, 151, 148),
('AD1056', 1056, 2121, 534, 183, 3.88, 3.74, 3.50, 161, 160, 157),
('AD1057', 1057, 3290, 695, 139, 3.93, 3.85, 3.67, 166, 165, 158),
('AD1058', 1058, 3968, 675, 181, 3.96, 3.91, 3.55, 171, 169, 163),
('AD1059', 1059, 6346, 1341, 434, 3.84, 3.75, 3.57, 169, 167, 164),
('AD1060', 1060, 2303, 323, 98, 3.95, 3.89, 3.53, 169, 168, 160),
('AD1061', 1061, 8310, 2387, 521, 3.91, 3.85, 3.54, 170, 168, 160),
('AD1062', 1062, 10827, 2119, 604, 3.97, 3.91, 3.70, 173, 171, 166),
('AD1063', 1063, 1866, 579, 197, 3.77, 3.56, 3.35, 162, 159, 157),
('AD1064', 1064, 3027, 447, 164, 3.95, 3.83, 3.56, 170, 169, 159),
('AD1065', 1065, 1021, 229, 25, 3.46, 3.28, 3.02, 155, 153, 150),
('AD1066', 1066, 1028, 634, 196, 3.69, 3.48, 3.28, 157, 154, 152),
('AD1067', 1067, 8334, 798, 563, 3.99, 3.93, 3.84, 176, 174, 171),
('AD1068', 1068, 875, 252, 92, 3.79, 3.48, 3.27, 160, 157, 154),
('AD1069', 1069, 2118, 1067, 271, 3.82, 3.59, 3.30, 159, 156, 150),
('AD1070', 1070, 3232, 1043, 262, 3.85, 3.72, 3.50, 163, 161, 158),
('AD1071', 1071, 1827, 613, 184, 3.64, 3.43, 3.20, 158, 155, 153),
('AD1072', 1072, 639, 481, 163, 3.67, 3.35, 3.09, 155, 151, 148),
('AD1073', 1073, 1687, 737, 161, 3.87, 3.75, 3.54, 167, 165, 162),
('AD1074', 1074, 1479, 693, 155, 3.97, 3.86, 3.62, 165, 164, 157),
('AD1075', 1075, 907, 565, 252, 3.79, 3.61, 3.30, 158, 155, 151),
('AD1076', 1076, 428, 250, 184, 3.56, 3.36, 3.07, 147, 142, 140),
('AD1077', 1077, 1377, 657, 156, 3.88, 3.76, 3.54, 165, 163, 160),
('AD1078', 1078, 700, 341, 115, 3.88, 3.71, 3.45, 162, 160, 155),
('AD1079', 1079, 1043, 548, 156, 3.87, 3.67, 3.35, 160, 157, 155),
('AD1080', 1080, 934, 634, 159, 3.78, 3.59, 3.22, 164, 160, 158),
('AD1081', 1081, 459, 259, 108, 3.80, 3.56, 3.13, 159, 154, 151),
('AD1082', 1082, 621, 324, 147, 3.75, 3.49, 3.14, 153, 151, 148),
('AD1083', 1083, 1024, 501, 204, 3.83, 3.65, 3.37, 159, 157, 154),
('AD1084', 1084, 635, 366, 116, 3.83, 3.68, 3.31, 158, 156, 152),
('AD1085', 1085, 3464, 1175, 320, 3.83, 3.71, 3.51, 163, 161, 157),
('AD1086', 1086, 3115, 1368, 275, 3.77, 3.60, 3.37, 162, 160, 157),
('AD1087', 1087, 850, 550, 208, 3.62, 3.37, 3.07, 155, 151, 149),
('AD1088', 1088, 573, 334, 88, 3.77, 3.62, 3.41, 160, 157, 154),
('AD1089', 1089, 1059, 482, 195, 3.75, 3.61, 3.39, 158, 155, 152),
('AD1090', 1090, 2548, 769, 219, 3.88, 3.76, 3.42, 164, 163, 156),
('AD1091', 1091, 902, 553, 201, 3.63, 3.40, 2.94, 158, 155, 152),
('AD1092', 1092, 584, 255, 77, 3.68, 3.40, 3.10, 157, 155, 152),
('AD1093', 1093, 911, 428, 152, 3.71, 3.59, 3.33, 158, 155, 153),
('AD1094', 1094, 4144, 1365, 353, 3.85, 3.72, 3.52, 164, 162, 158),
('AD1095', 1095, 1458, 574, 211, 3.77, 3.55, 3.25, 161, 159, 157),
('AD1096', 1096, 6425, 808, 302, 3.92, 3.85, 3.64, 172, 171, 165),
('AD1097', 1097, 2100, 835, 218, 3.93, 3.85, 3.62, 169, 168, 162),
('AD1098', 1098, 718, 484, 130, 3.61, 3.33, 3.02, 154, 150, 147),
('AD1099', 1099, 1082, 471, 166, 3.82, 3.62, 3.32, 159, 157, 152),
('AD1100', 1100, 543, 285, 123, 3.92, 3.70, 3.35, 162, 160, 155),
('AD1101', 1101, 564, 332, 136, 3.75, 3.55, 3.22, 158, 154, 152),
('AD1102', 1102, 1010, 681, 344, 3.55, 3.26, 2.87, 155, 151, 149),
('AD1103', 1103, 498, 356, 96, 3.69, 3.48, 3.23, 158, 154, 150),
('AD1104', 1104, 736, 485, 150, 3.94, 3.75, 3.47, 160, 158, 154),
('AD1105', 1105, 2937, 2182, 382, 3.68, 3.44, 3.12, 157, 153, 148),
('AD1106', 1106, 1009, 579, 234, 3.65, 3.41, 3.05, 159, 155, 151),
('AD1107', 1107, 445, 238, 92, 3.72, 3.61, 3.36, 160, 155, 151),
('AD1108', 1108, 3120, 1657, 348, 3.72, 3.51, 3.29, 158, 156, 153),
('AD1109', 1109, 8498, 1424, 429, 3.96, 3.90, 3.77, 174, 172, 168),
('AD1110', 1110, 1167, 404, 127, 3.57, 3.35, 3.13, 151, 149, 146),
('AD1111', 1111, 2815, 458, 179, 3.90, 3.78, 3.61, 167, 166, 162),
('AD1112', 1112, 379, 235, 90, 3.79, 3.37, 3.12, 153, 150, 146),
('AD1113', 1113, 3775, 1407, 235, 3.83, 3.72, 3.52, 165, 163, 158),
('AD1114', 1114, 736, 401, 104, 3.65, 3.43, 3.13, 152, 150, 147),
('AD1115', 1115, 502, 361, 126, 3.66, 3.38, 3.07, 156, 152, 149),
('AD1116', 1116, 6225, 967, 241, 3.97, 3.92, 3.66, 174, 172, 166),
('AD1117', 1117, 2476, 604, 180, 3.92, 3.83, 3.67, 170, 169, 164),
('AD1118', 1118, 1272, 701, 216, 3.62, 3.36, 3.05, 155, 153, 151),
('AD1119', 1119, 400, 273, 87, 3.73, 3.40, 3.04, 152, 148, 144),
('AD1120', 1120, 578, 378, 149, 3.62, 3.36, 3.02, 152, 149, 146),
('AD1121', 1121, 902, 426, 166, 3.87, 3.71, 3.49, 160, 159, 154),
('AD1122', 1122, 1300, 978, 159, 3.70, 3.52, 3.18, 160, 158, 155),
('AD1123', 1123, 1691, 902, 290, 3.69, 3.47, 3.20, 155, 152, 150),
('AD1124', 1124, 1524, 539, 107, 3.84, 3.63, 3.29, 163, 162, 157),
('AD1125', 1125, 1914, 707, 131, 3.90, 3.77, 3.62, 163, 161, 157),
('AD1126', 1126, 6518, 644, 248, 3.98, 3.92, 3.66, 174, 172, 168),
('AD1127', 1127, 3485, 982, 182, 3.93, 3.86, 3.48, 166, 164, 159),
('AD1128', 1128, 1209, 477, 119, 3.73, 3.56, 3.30, 163, 160, 157),
('AD1129', 1129, 326, 130, 111, 3.63, 3.32, 2.92, 141, 138, 135),
('AD1130', 1130, 366, 155, 125, 3.89, 3.76, 3.57, 151, 148, 144),
('AD1131', 1131, 984, 574, 109, 3.77, 3.51, 3.22, 156, 153, 150),
('AD1132', 1132, 548, 224, 112, 3.88, 3.68, 3.40, 160, 157, 152),
('AD1133', 1133, 1662, 689, 134, 3.86, 3.75, 3.50, 165, 164, 157),
('AD1134', 1134, 951, 620, 148, 3.65, 3.30, 2.93, 154, 150, 147),
('AD1135', 1135, 3251, 1264, 401, 3.81, 3.60, 3.37, 160, 157, 154),
('AD1136', 1136, 790, 489, 180, 3.81, 3.59, 3.31, 160, 155, 152),
('AD1137', 1137, 697, 388, 152, 3.79, 3.61, 3.37, 157, 155, 152),
('AD1138', 1138, 3579, 1203, 257, 3.89, 3.80, 3.52, 163, 161, 157),
('AD1139', 1139, 1874, 1035, 160, 3.67, 3.46, 3.09, 156, 153, 151),
('AD1140', 1140, 1913, 1003, 244, 3.72, 3.55, 3.31, 162, 159, 155),
('AD1141', 1141, 1569, 820, 214, 3.71, 3.51, 3.14, 160, 157, 152),
('AD1142', 1142, 1843, 840, 237, 3.79, 3.66, 3.40, 163, 160, 155),
('AD1143', 1143, 1888, 642, 204, 3.84, 3.70, 3.45, 162, 160, 156),
('AD1144', 1144, 302, 230, 86, 3.72, 3.56, 3.18, 154, 151, 148),
('AD1145', 1145, 2023, 891, 378, 3.59, 3.36, 3.02, 156, 153, 151),
('AD1146', 1146, 4850, 607, 189, 3.96, 3.88, 3.77, 169, 169, 165),
('AD1147', 1147, 549, 332, 112, 3.62, 3.30, 2.94, 152, 149, 146),
('AD1148', 1148, 2175, 711, 190, 3.91, 3.83, 3.67, 166, 164, 160),
('AD1149', 1149, 1025, 548, 237, 3.48, 3.12, 2.80, 149, 147, 145),
('AD1150', 1150, 2018, 1006, 351, 3.63, 3.44, 3.17, 158, 155, 152),
('AD1151', 1151, 2447, 1015, 273, 3.87, 3.71, 3.42, 164, 162, 155),
('AD1152', 1152, 2279, 819, 284, 3.65, 3.38, 3.04, 156, 152, 150),
('AD1153', 1153, 539, 389, 157, 3.79, 3.62, 3.41, 159, 155, 152),
('AD1154', 1154, 1351, 695, 261, 3.61, 3.40, 3.09, 154, 152, 149),
('AD1155', 1155, 4863, 353, 174, 3.99, 3.95, 3.83, 175, 173, 171),
('AD1156', 1156, 2136, 820, 305, 3.77, 3.59, 3.34, 159, 158, 156),
('AD1157', 1157, 2899, 1864, 398, 3.72, 3.55, 3.33, 158, 154, 150),
('AD1158', 1158, 2259, 962, 239, 3.80, 3.58, 3.10, 160, 157, 154),
('AD1159', 1159, 1949, 768, 213, 3.81, 3.65, 3.45, 165, 163, 159),
('AD1160', 1160, 1526, 461, 142, 3.90, 3.78, 3.54, 163, 162, 158),
('AD1161', 1161, 4126, 604, 140, 4.00, 3.97, 3.61, 167, 166, 159),
('AD1162', 1162, 5684, 847, 260, 3.96, 3.86, 3.72, 172, 171, 168),
('AD1163', 1163, 1748, 693, 219, 3.53, 3.16, 2.68, 152, 150, 148),
('AD1164', 1164, 1434, 546, 156, 3.81, 3.63, 3.37, 160, 158, 155),
('AD1165', 1165, 1814, 600, 161, 3.95, 3.83, 3.57, 167, 165, 161),
('AD1166', 1166, 1214, 613, 176, 3.47, 3.22, 2.85, 154, 151, 149),
('AD1167', 1167, 1860, 893, 205, 3.78, 3.64, 3.41, 163, 161, 157),
('AD1168', 1168, 556, 240, 81, 3.86, 3.53, 3.18, 159, 156, 154),
('AD1169', 1169, 930, 382, 141, 3.89, 3.72, 3.48, 159, 156, 153),
('AD1170', 1170, 3899, 1205, 379, 3.74, 3.59, 3.40, 162, 160, 157),
('AD1171', 1171, 1749, 1216, 349, 3.64, 3.39, 3.10, 155, 152, 149),
('AD1172', 1172, 1057, 711, 115, 3.64, 3.39, 3.05, 153, 150, 147),
('AD1173', 1173, 917, 308, 134, 3.89, 3.78, 3.43, 162, 160, 156),
('AD1174', 1174, 492, 303, 107, 3.83, 3.53, 3.21, 154, 151, 149),
('AD1175', 1175, 1271, 382, 141, 3.65, 3.43, 3.15, 155, 153, 150),
('AD1176', 1176, 904, 273, 97, 3.95, 3.85, 3.65, 166, 164, 160),
('AD1177', 1177, 5554, 931, 167, 3.96, 3.89, 3.65, 171, 170, 164),
('AD1178', 1178, 1036, 665, 201, 3.62, 3.30, 2.80, 156, 151, 148),
('AD1179', 1179, 2351, 529, 161, 3.90, 3.80, 3.58, 165, 164, 157),
('AD1180', 1180, 5610, 643, 305, 3.99, 3.94, 3.72, 172, 171, 167),
('AD1181', 1181, 2116, 666, 175, 3.88, 3.79, 3.64, 166, 165, 160),
('AD1182', 1182, 469, 310, 106, 3.83, 3.59, 3.25, 157, 154, 150),
('AD1183', 1183, 2023, 636, 125, 3.80, 3.72, 3.40, 166, 165, 159),
('AD1184', 1184, 5554, 953, 244, 4.00, 3.95, 3.49, 174, 173, 162),
('AD1185', 1185, 2336, 810, 181, 3.86, 3.74, 3.57, 167, 164, 160),
('AD1186', 1186, 1058, 290, 126, 3.93, 3.83, 3.49, 164, 162, 155),
('AD1187', 1187, 534, 241, 108, 3.88, 3.59, 3.25, 158, 155, 152),
('AD1188', 1188, 667, 399, 89, 3.57, 3.30, 2.92, 153, 150, 147),
('AD1189', 1189, 782, 353, 121, 3.38, 3.16, 2.91, 154, 152, 150),
('AD1190', 1190, 720, 468, 149, 3.61, 3.34, 3.00, 152, 148, 146),
('AD1191', 1191, 1088, 738, 242, 3.58, 3.26, 2.93, 153, 150, 148),
('AD1192', 1192, 737, 511, 122, 3.59, 3.26, 3.01, 156, 152, 150),
('AD1193', 1193, 2248, 614, 153, 3.87, 3.77, 3.54, 168, 166, 162),
('AD1194', 1194, 1616, 575, 169, 3.90, 3.79, 3.49, 167, 165, 157),
('AD1195', 1195, 481, 265, 83, 3.81, 3.51, 3.18, 158, 154, 152),
('AD1196', 1196, 4412, 246, 201, 4.00, 3.96, 3.89, 177, 175, 172);


INSERT INTO bar_exam (
    bar_exam_id, school_id, graduates_in_2023, total_first_time_takers, grads_no_bar_2023, 
    grads_no_bar_percentage, grads_no_info, grads_no_info_percentage, total_first_time_passers, avg_school_pass_percent
) VALUES
('BR1001', 1001, 121, 79, 46, 38.02, 0, 0.00, 57, 72.15),
('BR1002', 1002, 122, 115, 4, 3.28, 4, 3.28, 105, 91.30),
('BR1003', 1003, 182, 156, 45, 24.73, 2, 1.10, 128, 82.05),
('BR1004', 1004, 321, 326, 30, 9.35, 2, 0.62, 244, 74.85),
('BR1005', 1005, 50, 49, 8, 16.00, 0, 0.00, 30, 61.22),
('BR1006', 1006, 262, 236, 36, 13.74, 9, 3.44, 204, 86.44),
('BR1007', 1007, 116, 116, 19, 16.38, 0, 0.00, 91, 78.45),
('BR1008', 1008, 113, 126, 5, 4.42, 1, 0.88, 104, 82.54),
('BR1009', 1009, 122, 126, 10, 8.20, 0, 0.00, 95, 75.40),
('BR1010', 1010, 83, 77, 11, 13.25, 3, 3.61, 50, 64.94),
('BR1011', 1011, 75, 93, 10, 13.33, 0, 0.00, 63, 66.22),
('BR1012', 1012, 206, 201, 33, 16.02, 0, 0.00, 130, 64.68),
('BR1013', 1013, 196, 163, 43, 21.94, 30, 15.31, 86, 52.76),
('BR1014', 1014, 143, 143, 19, 13.29, 0, 0.00, 131, 91.61),
('BR1015', 1015, 112, 109, 5, 4.46, 0, 0.00, 102, 93.58),
('BR1016', 1016, 242, 243, 4, 1.65, 4, 1.65, 233, 95.88),
('BR1017', 1017, 243, 244, 12, 4.94, 0, 0.00, 214, 87.70),
('BR1018', 1018, 111, 109, 10, 9.01, 0, 0.00, 104, 95.41),
('BR1019', 1019, 376, 373, 14, 3.72, 1, 0.27, 294, 78.82),
('BR1020', 1020, 183, 182, 64, 34.97, 0, 0.00, 88, 48.35),
('BR1021', 1021, 335, 323, 14, 4.18, 3, 0.90, 285, 88.24),
('BR1022', 1022, 177, 173, 9, 5.08, 0, 0.00, 143, 82.66),
('BR1023', 1023, 131, 137, 5, 3.82, 0, 0.00, 119, 86.86),
('BR1024', 1024, 320, 322, 3, 0.94, 9, 2.81, 286, 88.82),
('BR1025', 1025, 161, 138, 24, 14.91, 0, 0.00, 113, 81.88),
('BR1026', 1026, 126, 133, 4, 3.17, 0, 0.00, 103, 77.44),
('BR1027', 1027, 319, 316, 9, 2.82, 7, 2.19, 265, 83.86),
('BR1028', 1028, 120, 107, 17, 14.17, 0, 0.00, 78, 72.90),
('BR1029', 1029, 109, 103, 9, 8.26, 0, 0.00, 87, 84.47),
('BR1030', 1030, 139, 140, 0, 0.00, 0, 0.00, 112, 80.00),
('BR1031', 1031, 168, 160, 34, 20.24, 6, 3.57, 105, 65.63),
('BR1032', 1032, 212, 201, 20, 9.43, 23, 10.85, 169, 84.08),
('BR1033', 1033, 212, 207, 10, 4.72, 0, 0.00, 201, 97.10),
('BR1034', 1034, 128, 116, 12, 9.38, 0, 0.00, 102, 87.93),
('BR1035', 1035, 206, 204, 18, 8.74, 0, 0.00, 114, 55.88),
('BR1036', 1036, 122, 116, 20, 16.39, 0, 0.00, 77, 66.38),
('BR1037', 1037, 171, 175, 9, 5.26, 1, 0.58, 142, 81.14),
('BR1038', 1038, 426, 412, 6, 1.41, 17, 3.99, 393, 95.39),
('BR1039', 1039, 157, 147, 17, 10.83, 0, 0.00, 119, 80.95),
('BR1040', 1040, 161, 204, 47, 29.19, 0, 0.00, 76, 37.25),
('BR1041', 1041, 175, 175, 6, 3.43, 2, 1.14, 165, 94.29),
('BR1042', 1042, 124, 98, 17, 13.71, 12, 9.68, 64, 65.31),
('BR1043', 1043, 114, 111, 8, 7.02, 0, 0.00, 96, 86.49),
('BR1044', 1044, 261, 257, 44, 16.86, 0, 0.00, 210, 81.71),
('BR1045', 1045, 150, 140, 10, 6.67, 11, 7.33, 105, 75.00),
('BR1046', 1046, 182, 130, 85, 46.70, 0, 0.00, 77, 59.23),
('BR1047', 1047, 49, 48, 7, 14.29, 0, 0.00, 23, 47.92),
('BR1048', 1048, 107, 96, 19, 17.76, 0, 0.00, 87, 90.63),
('BR1049', 1049, 152, 142, 15, 9.87, 0, 0.00, 109, 76.76),
('BR1050', 1050, 237, 234, 6, 2.53, 1, 0.42, 221, 94.44),
('BR1051', 1051, 137, 132, 5, 3.65, 0, 0.00, 110, 83.33),
('BR1052', 1052, 140, 123, 140, 100.00, 0, 0.00, 73, 59.35),
('BR1053', 1053, 258, 254, 22, 8.53, 0, 0.00, 219, 86.22),
('BR1054', 1054, 36, 39, 2, 5.56, 0, 0.00, 26, 66.67),
('BR1055', 1055, 103, 102, 28, 27.18, 7, 6.80, 41, 40.20),
('BR1056', 1056, 162, 148, 32, 19.75, 0, 0.00, 128, 86.49),
('BR1057', 1057, 203, 182, 33, 16.26, 7, 3.45, 151, 82.97),
('BR1058', 1058, 219, 215, 36, 16.44, 2, 0.91, 176, 81.86),
('BR1059', 1059, 412, 409, 15, 3.64, 0, 0.00, 359, 87.78),
('BR1060', 1060, 155, 167, 16, 10.32, 2, 1.29, 146, 87.43),
('BR1061', 1061, 551, 489, 3, 0.54, 66, 11.98, 421, 86.09),
('BR1062', 1062, 682, 664, 1, 0.15, 38, 5.57, 601, 90.51),
('BR1063', 1063, 184, 177, 28, 15.22, 0, 0.00, 139, 78.53),
('BR1064', 1064, 169, 166, 9, 5.33, 0, 0.00, 139, 83.73),
('BR1065', 1065, 0, 0, 0, 0.00, 0, 0.00, 0, 0.00),
('BR1066', 1066, 135, 137, 16, 11.85, 0, 0.00, 90, 65.69),
('BR1067', 1067, 572, 564, 17, 2.97, 13, 2.27, 542, 96.10),
('BR1068', 1068, 88, 81, 22, 25.00, 0, 0.00, 56, 69.14),
('BR1069', 1069, 260, 262, 7, 2.69, 0, 0.00, 200, 76.34),
('BR1070', 1070, 234, 243, 25, 10.68, 0, 0.00, 209, 86.01),
('BR1071', 1071, 133, 128, 14, 10.53, 0, 0.00, 95, 74.22),
('BR1072', 1072, 115, 103, 5, 4.35, 9, 7.83, 77, 74.76),
('BR1073', 1073, 151, 149, 3, 1.99, 0, 0.00, 108, 72.48),
('BR1074', 1074, 174, 162, 22, 12.64, 0, 0.00, 132, 81.48),
('BR1075', 1075, 215, 175, 26, 12.09, 24, 11.16, 133, 76.00),
('BR1076', 1076, 134, 143, 47, 35.07, 13, 9.70, 65, 45.45),
('BR1077', 1077, 167, 153, 24, 14.37, 1, 0.60, 136, 88.89),
('BR1078', 1078, 93, 86, 8, 8.60, 1, 1.08, 79, 91.86),
('BR1079', 1079, 132, 124, 15, 11.36, 3, 2.27, 92, 74.19),
('BR1080', 1080, 178, 165, 26, 14.61, 0, 0.00, 128, 77.58),
('BR1081', 1081, 92, 84, 8, 8.70, 0, 0.00, 69, 82.14),
('BR1082', 1082, 97, 92, 16, 16.49, 0, 0.00, 56, 60.87),
('BR1083', 1083, 177, 150, 11, 6.21, 17, 9.60, 138, 92.00),
('BR1084', 1084, 110, 107, 13, 11.82, 3, 2.73, 80, 74.77),
('BR1085', 1085, 318, 306, 37, 11.64, 0, 0.00, 241, 78.76),
('BR1086', 1086, 227, 225, 3, 1.32, 0, 0.00, 188, 83.56),
('BR1087', 1087, 185, 184, 16, 8.65, 0, 0.00, 122, 66.30),
('BR1088', 1088, 85, 76, 10, 11.76, 0, 0.00, 67, 88.16),
('BR1089', 1089, 186, 1, 2, 1.08, 0, 0.00, 0, 0.00),
('BR1090', 1090, 211, 199, 12, 5.69, 16, 7.58, 149, 74.87),
('BR1091', 1091, 161, 167, 22, 13.66, 0, 0.00, 112, 67.07),
('BR1092', 1092, 99, 92, 0, 0.00, 19, 19.19, 70, 76.09),
('BR1093', 1093, 124, 119, 5, 4.03, 0, 0.00, 91, 76.47),
('BR1094', 1094, 398, 383, 72, 18.09, 0, 0.00, 288, 75.20),
('BR1095', 1095, 190, 180, 33, 17.37, 0, 0.00, 131, 72.78),
('BR1096', 1096, 309, 293, 22, 7.12, 2, 0.65, 285, 97.27),
('BR1097', 1097, 208, 201, 15, 7.21, 0, 0.00, 180, 89.55),
('BR1098', 1098, 108, 101, 15, 13.89, 0, 0.00, 76, 75.25),
('BR1099', 1099, 155, 156, 27, 17.42, 0, 0.00, 115, 73.72),
('BR1100', 1100, 104, 99, 9, 8.65, 0, 0.00, 86, 86.87),
('BR1101', 1101, 155, 136, 39, 25.16, 1, 0.65, 105, 77.21),
('BR1102', 1102, 320, 307, 69, 21.56, 0, 0.00, 221, 71.99),
('BR1103', 1103, 79, 64, 15, 18.99, 1, 1.27, 55, 85.94),
('BR1104', 1104, 124, 126, 14, 11.29, 0, 0.00, 96, 76.19),
('BR1105', 1105, 318, 295, 32, 10.06, 12, 3.77, 211, 71.53),
('BR1106', 1106, 160, 140, 39, 24.38, 0, 0.00, 97, 69.29),
('BR1107', 1107, 101, 94, 21, 20.79, 2, 1.98, 77, 81.91),
('BR1108', 1108, 288, 297, 0, 0.00, 13, 4.51, 210, 70.71),
('BR1109', 1109, 443, 438, 16, 3.61, 0, 0.00, 423, 96.58),
('BR1110', 1110, 129, 129, 14, 10.85, 3, 2.33, 73, 56.59),
('BR1111', 1111, 187, 175, 10, 5.35, 4, 2.14, 161, 92.00),
('BR1112', 1112, 58, 56, 21, 36.21, 0, 0.00, 34, 60.71),
('BR1113', 1113, 205, 196, 23, 11.22, 0, 0.00, 169, 86.22),
('BR1114', 1114, 95, 89, 21, 22.11, 0, 0.00, 53, 59.55),
('BR1115', 1115, 102, 87, 8, 7.84, 15, 14.71, 71, 81.61),
('BR1116', 1116, 278, 262, 16, 5.76, 0, 0.00, 240, 91.60),
('BR1117', 1117, 165, 164, 7, 4.24, 0, 0.00, 150, 91.46),
('BR1118', 1118, 166, 158, 17, 10.24, 5, 3.01, 101, 63.92),
('BR1119', 1119, 52, 53, 1, 1.92, 0, 0.00, 27, 50.94),
('BR1120', 1120, 160, 160, 12, 7.50, 3, 1.88, 95, 59.38),
('BR1121', 1121, 168, 165, 7, 4.17, 0, 0.00, 145, 87.88),
('BR1122', 1122, 154, 150, 13, 8.44, 0, 0.00, 115, 76.67),
('BR1123', 1123, 248, 241, 24, 9.68, 0, 0.00, 157, 65.15),
('BR1124', 1124, 75, 71, 4, 5.33, 0, 0.00, 55, 77.46),
('BR1125', 1125, 113, 106, 7, 6.19, 4, 3.54, 92, 86.79),
('BR1126', 1126, 251, 240, 16, 6.37, 1, 0.40, 231, 96.25),
('BR1127', 1127, 165, 156, 20, 12.12, 0, 0.00, 130, 83.33),
('BR1128', 1128, 112, 110, 8, 7.14, 0, 0.00, 93, 84.55),
('BR1129', 1129, 89, 69, 42, 47.19, 4, 4.49, 43, 62.32),
('BR1130', 1130, 139, 140, 22, 15.83, 0, 0.00, 72, 51.43),
('BR1131', 1131, 123, 115, 19, 15.45, 3, 2.44, 76, 66.09),
('BR1132', 1132, 94, 97, 15, 15.96, 0, 0.00, 81, 83.51),
('BR1133', 1133, 150, 147, 9, 6.00, 0, 0.00, 117, 79.59),
('BR1134', 1134, 163, 171, 17, 10.43, 0, 0.00, 99, 57.89),
('BR1135', 1135, 403, 391, 43, 10.67, 4, 0.99, 262, 67.01),
('BR1136', 1136, 185, 181, 22, 11.89, 5, 2.70, 157, 86.74),
('BR1137', 1137, 138, 134, 11, 7.97, 0, 0.00, 105, 78.36),
('BR1138', 1138, 223, 226, 8, 3.59, 0, 0.00, 178, 78.76),
('BR1139', 1139, 86, 95, 10, 11.63, 0, 0.00, 64, 67.37),
('BR1140', 1140, 229, 212, 42, 18.34, 0, 0.00, 131, 61.79),
('BR1141', 1141, 205, 165, 38, 18.54, 8, 3.90, 114, 69.09),
('BR1142', 1142, 241, 242, 12, 4.98, 2, 0.83, 199, 82.23),
('BR1143', 1143, 209, 212, 16, 7.66, 0, 0.00, 173, 81.60),
('BR1144', 1144, 57, 55, 6, 10.53, 0, 0.00, 37, 67.27),
('BR1145', 1145, 258, 290, 44, 17.05, 0, 0.00, 233, 80.34),
('BR1146', 1146, 183, 182, 5, 2.73, 1, 0.55, 150, 82.42),
('BR1147', 1147, 80, 67, 16, 20.00, 1, 1.25, 44, 65.67),
('BR1148', 1148, 216, 218, 12, 5.56, 0, 0.00, 185, 84.86),
('BR1149', 1149, 226, 85, 59, 26.11, 82, 36.28, 45, 52.94),
('BR1150', 1150, 255, 261, 21, 8.24, 7, 2.75, 167, 63.98),
('BR1151', 1151, 247, 248, 6, 2.43, 1, 0.40, 216, 87.10),
('BR1152', 1152, 201, 196, 40, 19.90, 0, 0.00, 144, 73.47),
('BR1153', 1153, 146, 155, 7, 4.79, 1, 0.68, 122, 78.71),
('BR1154', 1154, 221, 202, 42, 19.00, 2, 0.90, 118, 58.42),
('BR1155', 1155, 180, 182, 13, 7.22, 1, 0.56, 176, 96.70),
('BR1156', 1156, 284, 278, 47, 16.55, 0, 0.00, 214, 76.98),
('BR1157', 1157, 349, 329, 14, 4.01, 21, 6.02, 261, 79.33),
('BR1158', 1158, 183, 181, 36, 19.67, 2, 1.09, 135, 74.59),
('BR1159', 1159, 210, 202, 12, 5.71, 4, 1.90, 172, 85.15),
('BR1160', 1160, 114, 104, 13, 11.40, 0, 0.00, 87, 83.65),
('BR1161', 1161, 165, 157, 14, 8.48, 0, 0.00, 146, 92.99),
('BR1162', 1162, 281, 284, 17, 6.05, 1, 0.36, 267, 94.01),
('BR1163', 1163, 156, 145, 41, 26.28, 0, 0.00, 92, 63.45),
('BR1164', 1164, 139, 139, 10, 7.19, 0, 0.00, 128, 92.09),
('BR1165', 1165, 178, 182, 7, 3.93, 1, 0.56, 165, 90.66),
('BR1166', 1166, 160, 159, 17, 10.63, 0, 0.00, 88, 55.35),
('BR1167', 1167, 212, 206, 12, 5.66, 1, 0.47, 164, 79.61),
('BR1168', 1168, 112, 103, 34, 30.36, 0, 0.00, 73, 70.87),
('BR1169', 1169, 157, 153, 11, 7.01, 2, 1.27, 124, 81.05),
('BR1170', 1170, 343, 323, 31, 9.04, 1, 0.29, 233, 72.14),
('BR1171', 1171, 298, 272, 85, 28.52, 2, 0.67, 161, 59.19),
('BR1172', 1172, 114, 106, 13, 11.40, 0, 0.00, 63, 59.43),
('BR1173', 1173, 150, 125, 38, 25.33, 12, 8.00, 96, 76.80),
('BR1174', 1174, 105, 93, 24, 22.86, 8, 7.62, 65, 69.89),
('BR1175', 1175, 93, 89, 8, 8.60, 0, 0.00, 61, 68.54),
('BR1176', 1176, 83, 83, 8, 9.64, 0, 0.00, 78, 93.98),
('BR1177', 1177, 200, 198, 8, 4.00, 0, 0.00, 192, 96.97),
('BR1178', 1178, 113, 115, 8, 7.08, 7, 6.19, 73, 63.48),
('BR1179', 1179, 175, 171, 9, 5.14, 3, 1.71, 157, 91.81),
('BR1180', 1180, 289, 286, 12, 4.15, 0, 0.00, 276, 96.50),
('BR1181', 1181, 90, 89, 4, 4.44, 3, 3.33, 83, 93.26),
('BR1182', 1182, 100, 94, 22, 22.00, 5, 5.00, 79, 84.04),
('BR1183', 1183, 107, 108, 2, 1.87, 0, 0.00, 90, 83.33),
('BR1184', 1184, 228, 223, 10, 4.39, 0, 0.00, 205, 91.93),
('BR1185', 1185, 168, 162, 20, 11.90, 0, 0.00, 145, 89.51),
('BR1186', 1186, 110, 105, 26, 23.64, 0, 0.00, 70, 66.67),
('BR1187', 1187, 106, 98, 12, 11.32, 0, 0.00, 68, 69.39),
('BR1188', 1188, 102, 86, 20, 19.61, 0, 0.00, 59, 68.60),
('BR1189', 1189, 56, 53, 11, 19.64, 0, 0.00, 31, 58.49),
('BR1190', 1190, 82, 80, 14, 17.07, 1, 1.22, 43, 53.75),
('BR1191', 1191, 181, 185, 20, 11.05, 1, 0.55, 118, 63.78),
('BR1192', 1192, 96, 93, 11, 11.46, 0, 0.00, 49, 52.69),
('BR1193', 1193, 217, 213, 10, 4.61, 4, 1.84, 198, 92.96),
('BR1194', 1194, 235, 7, 3, 1.28, 1, 0.43, 7, 100.00),
('BR1195', 1195, 69, 68, 9, 13.04, 0, 0.00, 55, 80.88),
('BR1196', 1196, 227, 218, 23, 10.13, 0, 0.00, 211, 96.79);


INSERT INTO employment_data (
    employment_id, school_id, full_time_employed, under_employed, unknown, 
	biglaw_100, public_service, fed_clerks, law_school_funded
)VALUES
('EM1001', 1001, 69.70, 8.40, 21.90, 6.70, 23.50, 0.00, 0.00),
('EM1002', 1002, 87.80, 4.90, 7.30, 32.50, 20.30, 8.10, 0.00),
('EM1003', 1003, 89.10, 6.10, 4.80, 10.30, 35.20, 0.00, 0.00),
('EM1004', 1004, 79.20, 10.20, 10.60, 16.60, 29.10, 2.20, 0.60),
('EM1005', 1005, 64.80, 5.60, 29.60, 3.70, 25.90, 0.00, 0.00),
('EM1006', 1006, 81.50, 8.10, 10.40, 16.60, 21.20, 2.70, 0.00),
('EM1007', 1007, 76.30, 7.00, 16.70, 14.00, 21.10, 4.40, 0.00),
('EM1008', 1008, 72.00, 16.90, 11.10, 8.50, 20.30, 2.50, 3.60),
('EM1009', 1009, 63.10, 17.20, 19.70, 3.30, 22.10, 0.80, 2.80),
('EM1010', 1010, 46.50, 29.10, 24.40, 4.70, 17.40, 0.00, 0.00),
('EM1011', 1011, 67.30, 7.10, 25.60, 10.20, 22.40, 0.00, 0.00),
('EM1012', 1012, 67.90, 13.80, 18.30, 7.10, 18.40, 0.00, 1.50),
('EM1013', 1013, 61.10, 25.90, 13.00, 4.30, 22.70, 0.00, 1.20),
('EM1014', 1014, 94.90, 2.20, 2.90, 19.60, 15.20, 5.80, 2.90),
('EM1015', 1015, 84.50, 8.20, 7.30, 11.80, 11.80, 0.00, 2.70),
('EM1016', 1016, 93.40, 2.50, 4.10, 58.40, 15.20, 2.90, 0.50),
('EM1017', 1017, 88.90, 1.60, 9.50, 56.00, 15.60, 3.30, 0.00),
('EM1018', 1018, 83.80, 3.60, 12.60, 22.50, 16.20, 9.00, 1.40),
('EM1019', 1019, 81.70, 11.70, 6.60, 27.30, 21.80, 1.60, 0.00),
('EM1020', 1020, 50.80, 18.20, 31.00, 5.50, 17.70, 0.00, 0.30),
('EM1021', 1021, 87.80, 5.40, 6.80, 53.00, 21.70, 7.40, 5.30),
('EM1022', 1022, 86.50, 5.60, 7.90, 28.10, 32.00, 1.10, 6.20),
('EM1023', 1023, 92.30, 3.80, 3.90, 47.70, 15.40, 7.70, 1.40),
('EM1024', 1024, 90.00, 1.90, 8.10, 55.80, 17.60, 6.30, 0.00),
('EM1025', 1025, 76.90, 12.90, 10.20, 5.40, 22.40, 0.70, 3.40),
('EM1026', 1026, 69.00, 17.10, 13.90, 10.10, 18.60, 0.00, 1.80),
('EM1027', 1027, 84.00, 9.40, 6.60, 28.00, 18.20, 0.60, 0.00),
('EM1028', 1028, 73.70, 9.30, 17.00, 21.20, 19.50, 2.50, 0.00),
('EM1029', 1029, 72.50, 6.40, 21.10, 14.70, 25.70, 2.80, 0.50),
('EM1030', 1030, 83.20, 6.30, 10.50, 9.80, 9.80, 2.10, 0.00),
('EM1031', 1031, 70.20, 19.60, 10.20, 3.00, 18.50, 0.00, 0.90),
('EM1032', 1032, 73.80, 13.60, 12.60, 19.60, 19.20, 0.90, 3.40),
('EM1033', 1033, 93.90, 1.40, 4.70, 61.00, 5.60, 25.40, 0.00),
('EM1034', 1034, 79.50, 11.00, 9.50, 14.20, 32.30, 0.80, 0.90),
('EM1035', 1035, 61.70, 24.80, 13.50, 1.90, 52.90, 0.00, 0.00),
('EM1036', 1036, 71.40, 16.80, 11.80, 17.60, 16.00, 0.00, 0.00),
('EM1037', 1037, 83.00, 5.80, 11.20, 19.30, 28.10, 1.80, 0.40),
('EM1038', 1038, 95.10, 2.30, 2.60, 77.50, 10.30, 4.90, 0.50),
('EM1039', 1039, 79.00, 8.30, 12.70, 16.60, 13.40, 1.90, 0.00),
('EM1040', 1040, 51.30, 24.60, 24.10, 4.80, 23.00, 0.00, 0.00),
('EM1041', 1041, 90.80, 2.30, 6.90, 70.70, 12.60, 5.20, 0.00),
('EM1042', 1042, 68.90, 21.30, 9.80, 5.70, 27.90, 0.80, 0.00),
('EM1043', 1043, 85.10, 7.00, 7.90, 9.60, 28.10, 0.90, 0.00),
('EM1044', 1044, 79.30, 10.70, 10.00, 11.50, 25.30, 1.10, 0.00),
('EM1045', 1045, 70.60, 13.10, 16.30, 19.00, 15.70, 0.00, 1.70),
('EM1046', 1046, 81.40, 8.50, 10.10, 19.70, 10.10, 0.50, 0.00),
('EM1047', 1047, 45.80, 14.60, 39.60, 0.00, 41.70, 0.00, 0.00),
('EM1048', 1048, 78.80, 10.60, 10.60, 3.80, 19.20, 1.00, 0.70),
('EM1049', 1049, 85.50, 7.90, 6.60, 15.10, 15.80, 0.70, 0.00),
('EM1050', 1050, 95.00, 1.70, 3.30, 66.80, 8.40, 10.90, 0.80),
('EM1051', 1051, 80.30, 6.60, 13.10, 14.60, 16.10, 2.90, 0.00),
('EM1052', 1052, 64.60, 17.30, 18.10, 2.40, 18.10, 0.80, 0.00),
('EM1053', 1053, 88.70, 3.90, 7.40, 47.10, 14.00, 5.80, 2.00),
('EM1054', 1054, 63.90, 19.40, 16.70, 0.00, 30.60, 0.00, 0.00),
('EM1055', 1055, 53.60, 21.40, 25.00, 6.30, 32.10, 0.00, 0.20),
('EM1056', 1056, 80.30, 9.90, 9.80, 19.10, 24.30, 1.30, 2.50),
('EM1057', 1057, 88.30, 5.30, 6.40, 25.50, 27.70, 2.10, 0.50),
('EM1058', 1058, 88.20, 4.10, 7.70, 43.90, 17.60, 3.60, 0.00),
('EM1059', 1059, 88.10, 5.30, 6.60, 56.60, 12.60, 2.70, 3.80),
('EM1060', 1060, 82.80, 3.10, 14.10, 12.30, 27.60, 9.20, 0.00),
('EM1061', 1061, 89.80, 4.20, 6.00, 40.20, 20.20, 4.20, 0.00),
('EM1062', 1062, 89.30, 2.60, 8.10, 62.80, 17.80, 4.20, 3.30),
('EM1063', 1063, 83.30, 10.00, 6.70, 21.00, 17.60, 1.90, 0.00),
('EM1064', 1064, 89.00, 3.50, 7.50, 31.20, 14.50, 9.80, 0.80),
('EM1065', 1065, 80.20, 5.70, 14.10, 6.60, 25.50, 0.90, 0.00),
('EM1066', 1066, 75.20, 15.00, 9.80, 6.80, 30.10, 0.00, 0.80),
('EM1067', 1067, 90.20, 2.80, 7.00, 60.00, 13.30, 11.40, 0.00),
('EM1068', 1068, 71.70, 8.70, 19.60, 2.20, 20.70, 1.10, 0.00),
('EM1069', 1069, 83.80, 5.40, 10.80, 18.50, 25.90, 0.80, 0.00),
('EM1070', 1070, 85.00, 5.00, 10.00, 35.80, 9.60, 1.70, 1.30),
('EM1071', 1071, 85.60, 9.10, 5.30, 53.80, 15.90, 3.00, 0.70),
('EM1072', 1072, 82.20, 11.00, 6.80, 2.50, 28.00, 2.50, 0.60),
('EM1073', 1073, 67.60, 20.00, 12.40, 9.70, 19.70, 1.40, 1.10),
('EM1074', 1074, 79.90, 9.80, 10.30, 19.00, 23.60, 4.60, 0.00),
('EM1075', 1075, 77.00, 12.80, 10.20, 14.20, 26.50, 1.80, 2.20),
('EM1076', 1076, 23.30, 32.70, 44.00, 0.70, 17.30, 0.00, 1.10),
('EM1077', 1077, 94.00, 1.80, 4.20, 28.70, 16.20, 6.60, 0.00),
('EM1078', 1078, 85.60, 6.70, 7.70, 12.20, 25.60, 6.70, 0.00),
('EM1079', 1079, 86.00, 2.30, 11.70, 19.40, 16.30, 8.50, 0.00),
('EM1080', 1080, 71.90, 14.00, 14.10, 7.90, 28.70, 0.60, 0.60),
('EM1081', 1081, 75.80, 17.60, 6.60, 6.60, 24.20, 1.10, 1.30),
('EM1082', 1082, 63.30, 21.40, 15.30, 0.00, 20.40, 0.00, 0.00),
('EM1083', 1083, 84.30, 8.40, 7.30, 15.20, 16.30, 2.20, 1.60),
('EM1084', 1084, 79.50, 10.70, 9.80, 16.10, 18.80, 1.80, 0.00),
('EM1085', 1085, 80.10, 9.50, 10.40, 22.50, 12.70, 1.30, 0.00),
('EM1086', 1086, 82.10, 5.20, 12.70, 26.60, 16.60, 2.60, 0.00),
('EM1087', 1087, 76.10, 14.70, 9.20, 8.70, 15.80, 2.70, 2.60),
('EM1088', 1088, 77.60, 11.80, 10.60, 4.70, 22.40, 0.00, 0.00),
('EM1089', 1089, 84.90, 3.20, 11.90, 16.70, 15.10, 0.50, 0.00),
('EM1090', 1090, 75.50, 9.80, 14.70, 15.70, 12.70, 2.90, 0.00),
('EM1091', 1091, 64.10, 15.00, 20.90, 9.60, 28.70, 0.60, 0.00),
('EM1092', 1092, 70.80, 20.80, 8.40, 15.60, 18.80, 1.00, 1.00),
('EM1093', 1093, 86.10, 9.00, 4.90, 6.60, 18.90, 2.50, 0.30),
('EM1094', 1094, 77.60, 9.50, 12.90, 29.00, 17.00, 0.30, 2.50),
('EM1095', 1095, 69.60, 11.90, 18.50, 12.40, 18.00, 1.50, 0.00),
('EM1096', 1096, 95.40, 1.60, 3.00, 60.60, 13.00, 13.70, 1.90),
('EM1097', 1097, 92.80, 1.40, 5.80, 26.90, 21.60, 5.80, 0.00),
('EM1098', 1098, 79.60, 15.00, 5.40, 2.70, 20.40, 5.30, 0.70),
('EM1099', 1099, 75.20, 12.40, 12.40, 14.30, 19.90, 7.50, 1.30),
('EM1100', 1100, 84.90, 4.70, 10.40, 17.00, 22.60, 1.90, 0.00),
('EM1101', 1101, 79.90, 9.00, 11.10, 11.80, 16.00, 2.10, 0.00),
('EM1102', 1102, 59.10, 13.80, 27.10, 4.10, 19.40, 0.30, 5.90),
('EM1103', 1103, 89.70, 2.60, 7.70, 7.70, 26.90, 6.40, 0.00),
('EM1104', 1104, 85.20, 7.80, 7.00, 6.30, 20.30, 0.80, 2.00),
('EM1105', 1105, 60.90, 18.90, 20.20, 5.40, 18.60, 0.30, 0.80),
('EM1106', 1106, 56.80, 11.10, 32.10, 12.30, 21.60, 0.00, 1.60),
('EM1107', 1107, 75.50, 15.30, 9.20, 0.00, 25.50, 7.10, 0.00),
('EM1108', 1108, 80.10, 5.60, 14.30, 19.20, 24.00, 0.70, 1.90),
('EM1109', 1109, 88.90, 2.70, 8.40, 59.50, 24.20, 5.70, 1.10),
('EM1110', 1110, 58.30, 25.00, 16.70, 7.60, 22.70, 0.80, 0.00),
('EM1111', 1111, 89.90, 1.10, 9.00, 36.00, 18.50, 6.30, 3.60),
('EM1112', 1112, 65.60, 8.20, 26.20, 3.30, 21.30, 4.90, 0.60),
('EM1113', 1113, 78.80, 9.60, 11.60, 22.60, 29.80, 0.50, 3.60),
('EM1114', 1114, 75.60, 5.60, 18.80, 2.20, 28.90, 1.10, 0.00),
('EM1115', 1115, 75.70, 3.70, 20.60, 3.70, 34.60, 0.00, 0.00),
('EM1116', 1116, 89.60, 1.40, 9.00, 71.20, 7.90, 8.30, 0.50),
('EM1117', 1117, 90.90, 3.60, 5.50, 49.70, 10.30, 17.60, 4.80),
('EM1118', 1118, 68.30, 19.50, 12.20, 20.10, 14.00, 0.60, 0.00),
('EM1119', 1119, 57.40, 11.10, 31.50, 3.70, 16.70, 0.00, 0.00),
('EM1120', 1120, 68.30, 17.10, 14.60, 2.40, 26.20, 0.00, 0.00),
('EM1121', 1121, 86.30, 8.30, 5.40, 13.70, 22.60, 1.80, 0.90),
('EM1122', 1122, 78.10, 11.60, 10.30, 5.80, 25.20, 2.60, 0.00),
('EM1123', 1123, 75.40, 9.70, 14.90, 14.50, 23.00, 0.00, 2.50),
('EM1124', 1124, 89.30, 6.70, 4.00, 21.30, 32.00, 5.30, 0.00),
('EM1125', 1125, 84.10, 8.80, 7.10, 23.90, 18.60, 1.80, 0.00),
('EM1126', 1126, 89.50, 1.20, 9.30, 69.40, 11.30, 9.30, 0.00),
('EM1127', 1127, 81.10, 9.40, 9.50, 18.20, 9.40, 1.90, 0.00),
('EM1128', 1128, 81.50, 6.50, 12.00, 21.30, 20.40, 5.60, 3.60),
('EM1129', 1129, 22.80, 45.60, 31.60, 0.00, 12.70, 0.00, 0.00),
('EM1130', 1130, 37.70, 31.20, 31.10, 10.90, 13.00, 0.70, 1.10),
('EM1131', 1131, 63.00, 12.60, 24.40, 6.70, 17.60, 0.00, 0.20),
('EM1132', 1132, 87.10, 6.50, 6.40, 0.00, 30.10, 4.30, 0.00),
('EM1133', 1133, 81.30, 10.70, 8.00, 18.00, 24.00, 4.70, 0.00),
('EM1134', 1134, 68.60, 16.60, 14.80, 4.70, 25.40, 1.20, 2.20),
('EM1135', 1135, 81.00, 10.20, 8.80, 16.20, 11.20, 1.20, 0.50),
('EM1136', 1136, 81.50, 10.10, 8.40, 16.40, 11.10, 1.60, 7.70),
('EM1137', 1137, 82.50, 9.50, 8.00, 11.70, 12.40, 0.70, 0.40),
('EM1138', 1138, 83.50, 5.80, 10.70, 23.20, 21.40, 0.00, 0.00),
('EM1139', 1139, 58.90, 23.30, 17.80, 13.30, 13.30, 1.10, 0.00),
('EM1140', 1140, 60.20, 20.80, 19.00, 22.60, 15.00, 0.00, 2.00),
('EM1141', 1141, 66.50, 17.50, 16.00, 5.50, 26.50, 0.50, 0.00),
('EM1142', 1142, 78.40, 7.10, 14.50, 17.80, 9.10, 1.20, 0.50),
('EM1143', 1143, 83.60, 7.90, 8.50, 17.30, 19.20, 1.40, 2.10),
('EM1144', 1144, 86.20, 3.40, 10.40, 0.00, 27.60, 3.40, 0.00),
('EM1145', 1145, 77.10, 12.30, 10.60, 13.60, 14.30, 1.70, 0.40),
('EM1146', 1146, 90.70, 4.90, 4.40, 66.10, 7.70, 2.20, 2.50),
('EM1147', 1147, 65.40, 15.40, 19.20, 3.80, 23.10, 0.00, 0.00),
('EM1148', 1148, 89.90, 2.80, 7.30, 36.70, 10.60, 3.70, 0.00),
('EM1149', 1149, 38.10, 35.10, 26.80, 6.90, 18.20, 0.00, 0.00),
('EM1150', 1150, 67.30, 17.70, 15.00, 5.30, 13.90, 0.80, 0.50),
('EM1151', 1151, 90.00, 4.00, 6.00, 24.50, 22.90, 2.00, 0.00),
('EM1152', 1152, 79.20, 14.70, 6.10, 5.60, 20.30, 2.50, 0.00),
('EM1153', 1153, 77.40, 5.50, 17.10, 7.50, 17.10, 0.00, 8.30),
('EM1154', 1154, 62.90, 30.30, 6.80, 8.10, 17.60, 0.00, 0.00),
('EM1155', 1155, 83.60, 1.10, 15.30, 49.20, 16.40, 20.80, 1.90),
('EM1156', 1156, 82.50, 6.30, 11.20, 19.90, 25.50, 1.40, 0.00),
('EM1157', 1157, 69.40, 11.90, 18.70, 15.60, 18.40, 0.60, 0.00),
('EM1158', 1158, 72.10, 6.00, 21.90, 14.20, 28.40, 3.30, 0.00),
('EM1159', 1159, 85.20, 4.30, 10.50, 25.70, 24.30, 3.30, 0.00),
('EM1160', 1160, 83.90, 7.10, 9.00, 24.10, 17.90, 0.90, 1.20),
('EM1161', 1161, 86.40, 1.20, 12.40, 13.00, 25.30, 4.90, 0.50),
('EM1162', 1162, 91.30, 3.60, 5.10, 42.60, 18.40, 13.00, 0.00),
('EM1163', 1163, 68.20, 16.20, 15.60, 5.40, 12.20, 2.70, 0.00),
('EM1164', 1164, 89.40, 6.40, 4.20, 11.30, 16.30, 1.40, 1.40),
('EM1165', 1165, 84.10, 5.50, 10.40, 29.10, 19.20, 4.40, 0.00),
('EM1166', 1166, 74.70, 12.30, 13.00, 5.80, 20.80, 0.00, 0.00),
('EM1167', 1167, 85.40, 9.90, 4.70, 29.70, 18.90, 5.70, 0.00),
('EM1168', 1168, 80.20, 5.70, 14.10, 6.60, 25.50, 0.90, 0.00),
('EM1169', 1169, 80.90, 4.50, 14.60, 15.30, 33.10, 0.60, 0.00),
('EM1170', 1170, 74.20, 9.70, 16.10, 35.80, 19.60, 0.30, 3.50),
('EM1171', 1171, 80.90, 7.90, 11.20, 31.60, 17.10, 4.60, 0.00),
('EM1172', 1172, 69.30, 20.20, 10.50, 1.80, 28.10, 1.80, 2.00),
('EM1173', 1173, 81.50, 6.20, 12.30, 5.40, 16.20, 3.80, 1.60),
('EM1174', 1174, 71.00, 12.00, 17.00, 12.00, 23.00, 4.00, 2.10),
('EM1175', 1175, 69.10, 17.00, 13.90, 7.40, 13.80, 1.10, 1.90),
('EM1176', 1176, 85.90, 5.90, 8.20, 17.60, 28.20, 3.50, 3.10),
('EM1177', 1177, 92.00, 1.50, 6.50, 63.50, 14.00, 6.00, 0.00),
('EM1178', 1178, 67.90, 19.60, 12.50, 4.50, 25.90, 1.80, 0.00),
('EM1179', 1179, 86.40, 7.10, 6.50, 30.20, 17.80, 3.60, 0.00),
('EM1180', 1180, 97.20, 0.00, 2.80, 70.40, 10.20, 13.70, 0.00),
('EM1181', 1181, 0.9210, 0.0110, 0.0680, 0.3710, 0.1010, 0.0340, 0.03),
('EM1182', 1182, 0.8370, 0.1090, 0.0540, 0.0540, 0.25, 0.0110, 0.01),
('EM1183', 1183, 0.9530, 0.0090, 0.0380, 0.3830, 0.1870, 0.0280, 0.01),
('EM1184', 1184, 0.9310, 0.0170, 0.0520, 0.5670, 0.1470, 0.0870, 0.00),
('EM1185', 1185, 0.8170, 0.1280, 0.0550, 0.2620, 0.22, 0.03, 0.03),
('EM1186', 1186, 0.79, 0.06, 0.15, 0.18, 0.18, 0.01, 0.00),
('EM1187', 1187, 0.8350, 0.0780, 0.0870, 0.2430, 0.1460, 0.0290, 0.00),
('EM1188', 1188, 0.6570, 0.1620, 0.1810, 0.0190, 0.2760, 0.00, 0.00),
('EM1189', 1189, 0.7590, 0.1110, 0.1300, 0.0560, 0.13, 0.00, 0.00),
('EM1190', 1190, 0.7030, 0.1370, 0.1600, 0.0710, 0.1650, 0.00, 0.00),
('EM1191', 1191, 0.7060, 0.1290, 0.1650, 0.00, 0.2470, 0.00, 0.1030),
('EM1192', 1192, 0.7080, 0.1670, 0.1250, 0.00, 0.2290, 0.00, 0.00),
('EM1193', 1193, 0.8660, 0.0830, 0.0510, 0.3130, 0.2120, 0.0740, 0.00),
('EM1194', 1194, 0.8550, 0.0350, 0.1100, 0.1930, 0.3160, 0.0130, 0.00),
('EM1195', 1195, 0.8550, 0.0870, 0.0580, 0.0580, 0.2320, 0.0430, 0.00),
('EM1196', 1196, 0.7630, 0.0710, 0.1660, 0.33, 0.2370, 0.2370, 0.00);


INSERT INTO grants (grants_id, school_id, tuition, percent_students_receiving_grants
) VALUES
('GR1001', 1001, 26215.00, 92.5),
('GR1002', 1002, 46407.00, 70.9),
('GR1003', 1003, 58234.00, 80.1),
('GR1004', 1004, 63088.00, 92.1),
('GR1005', 1005, 41000.00, 100.6),
('GR1006', 1006, 50317.00, 67.6),
('GR1007', 1007, 30700.00, 100.5),
('GR1008', 1008, 39718.00, 88.7),
('GR1009', 1009, 32677.00, 60.7),
('GR1010', 1010, 49572.00, 97.3),
('GR1011', 1011, 49656.00, 88.7),
('GR1012', 1012, 51014.00, 89.1),
('GR1013', 1013, 43150.00, 92.8),
('GR1014', 1014, 44225.00, 65.0),
('GR1015', 1015, 54380.00, 99.5),
('GR1016', 1016, 67113.00, 94.4),
('GR1017', 1017, 65020.00, 96.3),
('GR1018', 1018, 30152.00, 97.3),
('GR1019', 1019, 70381.00, 98.5),
('GR1020', 1020, 60430.00, 42.5),
('GR1021', 1021, 75031.00, 91.3),
('GR1022', 1022, 67163.00, 94.0),
('GR1023', 1023, 52006.00, 81.7),
('GR1024', 1024, 25873.00, 78.7),
('GR1025', 1025, 49730.00, 62.3),
('GR1026', 1026, 42875.00, 58.9),
('GR1027', 1027, 70646.00, 87.9),
('GR1028', 1028, 61124.00, 78.5),
('GR1029', 1029, 58916.00, 99.6),
('GR1030', 1030, 61354.00, 82.5),
('GR1031', 1031, 46134.00, 73.7),
('GR1032', 1032, 51380.00, 95.0),
('GR1033', 1033, 77952.00, 95.9),
('GR1034', 1034, 29810.00, 97.5),
('GR1035', 1035, 26203.00, 96.2),
('GR1036', 1036, 31142.00, 122.4),
('GR1037', 1037, 42279.00, 47.0),
('GR1038', 1038, 81292.00, 49.6),
('GR1039', 1039, 40422.00, 77.1),
('GR1040', 1040, 46240.00, 83.8),
('GR1041', 1041, 77593.00, 0.0),
('GR1042', 1042, 46940.00, 78.4),
('GR1043', 1043, 40168.00, 62.6),
('GR1044', 1044, 59792.00, 0.0),
('GR1045', 1045, 52145.00, 72.5),
('GR1046', 1046, 46724.00, 97.5),
('GR1047', 1047, 48204.00, 42.5),
('GR1048', 1048, 48410.00, 82.9),
('GR1049', 1049, 54635.00, 47.4),
('GR1050', 1050, 75738.00, 97.6),
('GR1051', 1051, 55500.00, 72.7),
('GR1052', 1052, 41667.00, 6.2),
('GR1053', 1053, 66414.00, 97.0),
('GR1054', 1054, 40400.00, 99.4),
('GR1055', 1055, 33115.00, 95.3),
('GR1056', 1056, 34899.00, 94.1),
('GR1057', 1057, 40715.00, 63.4),
('GR1058', 1058, 38430.00, 91.8),
('GR1059', 1059, 72282.00, 67.6),
('GR1060', 1060, 42798.00, 84.5),
('GR1061', 1061, 69740.00, 91.0),
('GR1062', 1062, 75950.00, 93.2),
('GR1063', 1063, 36810.00, 99.1),
('GR1064', 1064, 37752.00, 63.7),
('GR1065', 1065, 0.000, 99.0),
('GR1066', 1066, 53359.00, 88.2),
('GR1067', 1067, 55207.00, 78.8),
('GR1068', 1068, 68860.00, 60.8),
('GR1069', 1069, 50133.00, 62.8),
('GR1070', 1070, 38612.00, 96.5),
('GR1071', 1071, 45168.00, 68.6),
('GR1072', 1072, 49852.00, 56.3),
('GR1073', 1073, 59478.00, 69.5),
('GR1074', 1074, 52600.00, 54.2),
('GR1075', 1075, 15635.00, 100.6),
('GR1076', 1076, 51956.00, 65.6),
('GR1077', 1077, 68270.00, 90.0),
('GR1078', 1078, 53270.00, 99.6),
('GR1079', 1079, 56346.00, 99.8),
('GR1080', 1080, 42891.00, 82.2),
('GR1081', 1081, 46063.00, 22.4),
('GR1082', 1082, 30696.00, 90.1),
('GR1083', 1083, 38762.00, 95.1),
('GR1084', 1084, 55258.00, 73.0),
('GR1085', 1085, 65912.00, 82.0),
('GR1086', 1086, 52350.00, 97.4),
('GR1087', 1087, 39105.00, 91.0),
('GR1088', 1088, 49710.00, 77.1),
('GR1089', 1089, 53655.00, 82.2),
('GR1090', 1090, 25262.00, 85.3),
('GR1091', 1091, 76934.00, 73.3),
('GR1092', 1092, 43132.00, 75.0),
('GR1093', 1093, 63506.00, 94.8),
('GR1094', 1094, 72584.00, 42.1),
('GR1095', 1095, 39042.00, 71.3),
('GR1096', 1096, 58396.00, 76.1),
('GR1097', 1097, 39180.00, 75.1),
('GR1098', 1098, 29889.00, 66.9),
('GR1099', 1099, 38202.00, 58.6),
('GR1100', 1100, 29774.00, 88.1),
('GR1101', 1101, 52620.00, 82.1),
('GR1102', 1102, 47794.00, 97.9),
('GR1103', 1103, 45984.00, 84.7),
('GR1104', 1104, 57298.00, 92.0),
('GR1105', 1105, 44088.00, 64.4),
('GR1106', 1106, 23553.00, 82.9),
('GR1107', 1107, 64824.00, 93.5),
('GR1108', 1108, 48320.00, 79.9),
('GR1109', 1109, 36445.00, 85.3),
('GR1110', 1110, 37442.00, 79.4),
('GR1111', 1111, 31650.00, 86.9),
('GR1112', 1112, 60566.00, 91.1),
('GR1113', 1113, 74552.00, 97.6),
('GR1114', 1114, 39333.00, 76.7),
('GR1115', 1115, 33241.00, 61.9),
('GR1116', 1116, 68554.00, 68.7),
('GR1117', 1117, 47729.00, 86.7),
('GR1118', 1118, 80014.00, 95.5),
('GR1119', 1119, 56297.00, 83.5),
('GR1120', 1120, 36759.00, 96.1),
('GR1121', 1121, 34650.00, 89.4),
('GR1122', 1122, 49840.00, 83.1),
('GR1123', 1123, 57788.00, 96.1),
('GR1124', 1124, 68046.00, 84.0),
('GR1125', 1125, 50697.00, 89.7),
('GR1126', 1126, 56436.00, 94.8),
('GR1127', 1127, 9750.00, 78.1),
('GR1128', 1128, 54880.00, 54.2),
('GR1129', 1129, 16608.00, 87.1),
('GR1130', 1130, 41596.00, 92.2),
('GR1131', 1131, 53440.00, 76.2),
('GR1132', 1132, 46464.00, 68.4),
('GR1133', 1133, 46695.00, 55.8),
('GR1134', 1134, 45236.00, 97.7),
('GR1135', 1135, 63052.00, 59.3),
('GR1136', 1136, 41500.00, 71.4),
('GR1137', 1137, 54250.00, 87.2),
('GR1138', 1138, 63430.00, 96.9),
('GR1139', 1139, 56340.00, 62.2),
('GR1140', 1140, 66780.00, 64.0),
('GR1141', 1141, 21555.00, 83.2),
('GR1142', 1142, 48814.00, 91.7),
('GR1143', 1143, 33782.00, 53.1),
('GR1144', 1144, 42110.00, 64.1),
('GR1145', 1145, 73713.00, 85.4),
('GR1146', 1146, 74200.00, 87.4),
('GR1147', 1147, 63502.00, 87.6),
('GR1148', 1148, 36333.00, 79.6),
('GR1149', 1149, 58537.00, 84.5),
('GR1150', 1150, 51708.00, 72.1),
('GR1151', 1151, 48379.00, 84.2),
('GR1152', 1152, 46200.00, 67.3),
('GR1153', 1153, 57748.00, 94.3),
('GR1154', 1154, 62050.00, 56.1),
('GR1155', 1155, 71664.00, 86.5),
('GR1156', 1156, 43324.00, 53.7),
('GR1157', 1157, 46949.00, 87.8),
('GR1158', 1158, 39152.00, 0.0),
('GR1159', 1159, 54096.00, 0.0),
('GR1160', 1160, 49002.00, 53.6),
('GR1161', 1161, 39232.00, 95.3),
('GR1162', 1162, 28633.00, 0.0),
('GR1163', 1163, 28426.00, 83.7),
('GR1164', 1164, 57810.00, 88.7),
('GR1165', 1165, 53886.00, 68.0),
('GR1166', 1166, 29864.00, 101.0),
('GR1167', 1167, 68700.00, 63.2),
('GR1168', 1168, 62550.00, 97.5),
('GR1169', 1169, 34238.00, 100.2),
('GR1170', 1170, 46588.00, 87.6),
('GR1171', 1171, 30744.00, 92.5),
('GR1172', 1172, 42578.00, 75.8),
('GR1173', 1173, 78046.00, 76.5),
('GR1174', 1174, 67780.00, 90.1),
('GR1175', 1175, 43599.00, 89.2),
('GR1176', 1176, 72184.00, 66.3),
('GR1177', 1177, 56225.00, 78.5),
('GR1178', 1178, 54192.00, 95.6),
('GR1179', 1179, 40824.00, 74.1),
('GR1180', 1180, 52775.00, 0.0),
('GR1181', 1181, 55617.00, 84.6),
('GR1182', 1182, 67814.00, 100.5),
('GR1183', 1183, 43672.00, 89.0),
('GR1184', 1184, 50070.00, 88.6),
('GR1185', 1185, 41588.00, 96.5),
('GR1186', 1186, 49848.00, 96.8),
('GR1187', 1187, 73865.00, 96.5),
('GR1188', 1188, 53670.00, 82.6),
('GR1189', 1189, 55620.00, 77.5),
('GR1190', 1190, 50944.00, 81.8),
('GR1191', 1191, 52893.00, 75.7),
('GR1192', 1192, 55550.00, 93.1),
('GR1193', 1193, 36426.00, 100.8),
('GR1194', 1194, 66043.00, 81.3),
('GR1195', 1195, 36426.00, 94.1),
('GR1196', 1196, 73865.00, 63.2);

INSERT INTO debt (
    debt_id, school_id, institution_type, avg_loan_disbursement, 
	percent_borrowing
)
VALUES
('DB1001', 1001, 'Public', 70879.00, 0.77),
('DB1002', 1002, 'Public', 62337.00, 0.64),
('DB1003', 1003, 'Private', 88649.00, 0.78),
('DB1004', 1004, 'Private', 136628.00, 0.70),
('DB1005', 1005, 'Private', 125000.00, 0.89),
('DB1006', 1006, 'Public', 96603.00, 0.65),
('DB1007', 1007, 'Public', 68211.00, 0.58),
('DB1008', 1008, 'Public', 63809.00, 0.62),
('DB1009', 1009, 'Public', 65328.00, 0.91),
('DB1010', 1010, 'Private', 140000.00, 0.95),
('DB1011', 1011, 'Private', 121735.00, 0.72),
('DB1012', 1012, 'Public', 119303.00, 0.78),
('DB1013', 1013, 'Private', 132000.00, 0.91),
('DB1014', 1014, 'Private', 140198.00, 0.71),
('DB1015', 1015, 'Private', 124731.00, 0.67),
('DB1016', 1016, 'Private', 135705.00, 0.69),
('DB1017', 1017, 'Private', 112443.00, 0.67),
('DB1018', 1018, 'Private', 46007.00, 0.64),
('DB1019', 1019, 'Private', 117149.00, 0.71),
('DB1020', 1020, 'Private', 181273.00, 0.86),
('DB1021', 1021, 'Public', 143021.00, 0.62),
('DB1022', 1022, 'Public', 112101.00, 0.74),
('DB1023', 1023, 'Public', 123456.00, 0.66),
('DB1024', 1024, 'Public', 141062.00, 0.61),
('DB1025', 1025, 'Private', 129421.00, 0.85),
('DB1026', 1026, 'Private', 99765.00, 0.88),
('DB1027', 1027, 'Private', 118801.00, 0.60),
('DB1028', 1028, 'Private', 102238.00, 0.67),
('DB1029', 1029, 'Private', 159241.00, 0.75),
('DB1030', 1030, 'Private', 150534.00, 0.74),
('DB1031', 1031, 'For-Profit', 131869.00, 0.81),
('DB1032', 1032, 'Private', 97164.00, 0.73),
('DB1033', 1033, 'Private', 184119.00, 0.61),
('DB1034', 1034, 'Public', 64300.00, 0.75),
('DB1035', 1035, 'Public', 86933.00, 0.56),
('DB1036', 1036, 'Public', 78000.00, 0.62),
('DB1037', 1037, 'Public', 104159.00, 0.69),
('DB1038', 1038, 'Private', 168493.00, 0.62),
('DB1039', 1039, 'Public', 80205.00, 0.71),
('DB1040', 1040, 'Private', 170485.00, 0.89),
('DB1041', 1041, 'Private', 162830.00, 0.62),
('DB1042', 1042, 'Private', 129626.00, 0.73),
('DB1043', 1043, 'Private', 80262.00, 0.91),
('DB1044', 1044, 'Private', 155182.00, 0.75),
('DB1045', 1045, 'Private', 127320.00, 0.76),
('DB1046', 1046, 'Private', 121776.00, 0.46),
('DB1047', 1047, 'Public', 108236.00, 0.83),
('DB1048', 1048, 'Private', 114356.00, 0.71),
('DB1049', 1049, 'Private', 70565.00, 0.68),
('DB1050', 1050, 'Private', 138376.00, 0.63),
('DB1051', 1051, 'Private', 99542.00, 83.00),
('DB1052', 1052, 'Private', 120866.00, 82.00),
('DB1053', 1053, 'Private', 125390.00, 57.00),
('DB1054', 1054, 'Private', 116901.00, 76.00),
('DB1055', 1055, 'Public', 61500.00, 83.00),
('DB1056', 1056, 'Public', 93241.00, 69.00),
('DB1057', 1057, 'Public', 69049.00, 69.00),
('DB1058', 1058, 'Public', 77724.00, 71.00),
('DB1059', 1059, 'Private', 143976.00, 62.00),
('DB1060', 1060, 'Public', 93480.00, 60.00),
('DB1061', 1061, 'Private', 154504.00, 66.00),
('DB1062', 1062, 'Private', 172012.00, 63.00),
('DB1063', 1063, 'Public', 85644.00, 64.00),
('DB1064', 1064, 'Public', 77169.00, 64.00),
('DB1065', 1065, 'Private', 133066.00, 80.00),
('DB1066', 1066, 'Private', 111448.00, 78.00),
('DB1067', 1067, 'Private', 169187.00, 71.00),
('DB1068', 1068, 'Public', 85768.00, 59.00),
('DB1069', 1069, 'Private', 144097.00, 72.00),
('DB1070', 1070, 'Public', 102823.00, 68.00),
('DB1071', 1071, 'Private', 174122.00, 96.00),
('DB1072', 1072, 'Public', 83183.00, 95.00),
('DB1073', 1073, 'Public', 124041.00, 70.00),
('DB1074', 1074, 'Public', 76755.00, 61.00),
('DB1075', 1075, 'Public', 94650.00, 72.00),
('DB1076', 1076, 'Private', 63000.00, 50.00),
('DB1077', 1077, 'Public', 85552.00, 63.00),
('DB1078', 1078, 'Public', 74242.00, 76.00),
('DB1079', 1079, 'Public', 74662.00, 73.00),
('DB1080', 1080, 'Private', 147549.00, 80.00),
('DB1081', 1081, 'Private', 86369.00, 81.00),
('DB1082', 1082, 'Private', 99854.00, 86.00),
('DB1083', 1083, 'Public', 102626.00, 67.00),
('DB1084', 1084, 'Public', 93486.00, 70.00),
('DB1085', 1085, 'Private', 156962.00, 74.00),
('DB1086', 1086, 'Private', 114856.00, 62.00),
('DB1087', 1087, 'Private', 138710.00, 81.00),
('DB1088', 1088, 'Public', 75639.00, 79.00),
('DB1089', 1089, 'Private', 125625.00, 82.00),
('DB1090', 1090, 'Public', 127584.00, 68.00),
('DB1091', 1091, 'Private', 140918.00, 76.00),
('DB1092', 1092, 'Public', 86511.00, 77.00),
('DB1093', 1093, 'Private', 127306.00, 84.00),
('DB1094', 1094, 'Private', 144027.00, 63.00),
('DB1095', 1095, 'Public', 99610.00, 81.00),
('DB1096', 1096, 'Public', 131683.00, 69.00),
('DB1097', 1097, 'Public', 90393.00, 66.00),
('DB1098', 1098, 'Private', 123700.00, 82.00),
('DB1099', 1099, 'Public', 76720.00, 73.00),
('DB1100', 1100, 'Public', 62627.00, 76.00),
('DB1101', 1101, 'Public', 87950, 70),
('DB1102', 1102, 'Private', 120617, 71),
('DB1103', 1103, 'Public', 84832, 75),
('DB1104', 1104, 'Public', 72008, 75),
('DB1105', 1105, 'Private', 131595, 74),
('DB1106', 1106, 'Public', 90936, 79),
('DB1107', 1107, 'Public', 82583, 79),
('DB1108', 1108, 'Private', 131332, 70),
('DB1109', 1109, 'Private', 172122, 58),
('DB1110', 1110, 'Public', 78000, 58),
('DB1111', 1111, 'Public', 87026, 67),
('DB1112', 1112, 'Public', 74644, 72),
('DB1113', 1113, 'Private', 91007, 79),
('DB1114', 1114, 'Public', 91924, 81),
('DB1115', 1115, 'Public', 94098, 72),
('DB1116', 1116, 'Private', 158071, 66),
('DB1117', 1117, 'Private', 121755, 67),
('DB1118', 1118, 'Private', 154360, 82),
('DB1119', 1119, 'Private', 78236, 86),
('DB1120', 1120, 'Private', 137870, 78),
('DB1121', 1121, 'Public', 79678, 74),
('DB1122', 1122, 'Public', 100104, 83),
('DB1123', 1123, 'Private', 100078, 80),
('DB1124', 1124, 'Public', 58814, 71),
('DB1125', 1125, 'Public', 74262, 68),
('DB1126', 1126, 'Private', 163262, 61),
('DB1127', 1127, 'Private', 133549, 67),
('DB1128', 1128, 'Public', 90925, 78),
('DB1129', 1129, 'Private', 72000, 54),
('DB1130', 1130, 'Public', 50000, 45),
('DB1131', 1131, 'Private', 110474, 81),
('DB1132', 1132, 'Private', 99788, 77),
('DB1133', 1133, 'Private', 109102, 68),
('DB1134', 1134, 'Private', 116856, 83),
('DB1135', 1135, 'Public', 55531, 70),
('DB1136', 1136, 'Private', 99116, 80),
('DB1137', 1137, 'Private', 114534, 79),
('DB1138', 1138, 'Private', 137203, 67),
('DB1139', 1139, 'Private', 170633, 77),
('DB1140', 1140, 'Private', 181198, 69),
('DB1141', 1141, 'Private', 130581, 80),
('DB1142', 1142, 'Private', 123479, 62),
('DB1143', 1143, 'Public', 110543, 76),
('DB1144', 1144, 'Public', 53920, 77),
('DB1145', 1145, 'Private', 129605, 81),
('DB1146', 1146, 'Private', 128073, 62),
('DB1147', 1147, 'Public', 81000, 60),
('DB1148', 1148, 'Private', 153503, 69),
('DB1149', 1149, 'Private', 188164, 89),
('DB1150', 1150, 'Private', 149000, 92),
('DB1151', 1151, 'Private', 117182, 61),
('DB1152', 1152, 'Private', 153082, 68),
('DB1153', 1153, 'Private', 85743, 74),
('DB1154', 1154, 'Private', 163394, 84),
('DB1155', 1155, 'Private', 150486, 66),
('DB1156', 1156, 'Private', 132905, 77),
('DB1157', 1157, 'Private', 103357, 73),
('DB1158', 1158, 'Private', 125838, 74),
('DB1159', 1159, 'Public', 87831, 68),
('DB1160', 1160, 'Public', 76840, 73),
('DB1161', 1161, 'Public', 91535, 66),
('DB1162', 1162, 'Public', 119589, 67),
('DB1163', 1163, 'Public', 87000, 68),
('DB1164', 1164, 'Public', 60088, 0),
('DB1165', 1165, 'Public', 83831, 67),
('DB1166', 1166, 'Private', 150000, 93),
('DB1167', 1167, 'Private', 137258, 76),
('DB1168', 1168, 'Private', 98829, 69),
('DB1169', 1169, 'Public', 85152, 72),
('DB1170', 1170, 'Public', 137058, 73),
('DB1171', 1171, 'Public', 72952, 70),
('DB1172', 1172, 'Public', 114268, 86),
('DB1173', 1173, 'Public', 72132, 64),
('DB1174', 1174, 'Public', 68988, 91),
('DB1175', 1175, 'Public', 82586, 72),
('DB1176', 1176, 'Public', 89762, 81),
('DB1177', 1177, 'Private', 141854, 64),
('DB1178', 1178, 'Private', 120585, 83),
('DB1179', 1179, 'Private', 107335, 63),
('DB1180', 1180, 'Public', 160306, 66),
('DB1181', 1181, 'Private', 82416, 62),
('DB1182', 1182, 'Public', 77981, 77),
('DB1183', 1183, 'Private', 96721, 65),
('DB1184', 1184, 'Private', 96928, 65),
('DB1185', 1185, 'Public', 114464, 70),
('DB1186', 1186, 'Public', 60850, 58),
('DB1187', 1187, 'Public', 87628, 78),
('DB1188', 1188, 'Private', 111241, 100),
('DB1189', 1189, 'For-Profit', 109826, 80),
('DB1190', 1190, 'Private', 117443, 86),
('DB1191', 1191, 'Private', 144585, 93),
('DB1192', 1192, 'Private', 148177, 85),
('DB1193', 1193, 'Public', 98473, 70),
('DB1194', 1194, 'Public', 71700, 68),
('DB1195', 1195, 'Public', 76000, 77),
('DB1196', 1196, 'Private', 143437, 70);

INSERT INTO gender (
    gender_id, school_id, total_fy_class_total, total_fy_class_men, 
	total_fy_class_women, total_fy_class_another_gender_identity, 
	total_fy_class_prefer_not_to_report
)
VALUES
('GD1001', 1001, 127, 63, 64, 0, 0),
('GD1002', 1002, 126, 63, 62, 1, 0),
('GD1003', 1003, 191, 89, 99, 1, 2),
('GD1004', 1004, 408, 149, 252, 2, 5),
('GD1005', 1005, 61, 33, 28, 0, 0),
('GD1006', 1006, 199, 90, 105, 0, 4),
('GD1007', 1007, 119, 59, 59, 0, 1),
('GD1008', 1008, 130, 52, 78, 0, 0),
('GD1009', 1009, 136, 52, 82, 0, 2),
('GD1010', 1010, 123, 50, 72, 0, 1),
('GD1011', 1011, 100, 54, 45, 0, 1),
('GD1012', 1012, 226, 78, 147, 0, 1),
('GD1013', 1013, 245, 106, 136, 0, 3),
('GD1014', 1014, 95, 46, 49, 0, 0),
('GD1015', 1015, 115, 40, 72, 1, 2),
('GD1016', 1016, 213, 104, 109, 0, 0),
('GD1017', 1017, 231, 100, 131, 0, 0),
('GD1018', 1018, 103, 59, 44, 0, 0),
('GD1019', 1019, 384, 123, 253, 6, 2),
('GD1020', 1020, 226, 86, 138, 2, 0),
('GD1021', 1021, 339, 122, 204, 12, 1),
('GD1022', 1022, 210, 74, 134, 2, 0),
('GD1023', 1023, 151, 68, 75, 4, 4),
('GD1024', 1024, 315, 116, 197, 2, 0),
('GD1025', 1025, 184, 82, 100, 0, 2),
('GD1026', 1026, 152, 69, 83, 0, 0),
('GD1027', 1027, 319, 122, 189, 3, 5),
('GD1028', 1028, 165, 71, 93, 1, 0),
('GD1029', 1029, 114, 57, 55, 0, 2),
('GD1030', 1030, 141, 62, 78, 0, 1),
('GD1031', 1031, 259, 76, 183, 0, 0),
('GD1032', 1032, 220, 84, 130, 4, 2),
('GD1033', 1033, 192, 97, 95, 0, 0),
('GD1034', 1034, 126, 52, 71, 1, 2),
('GD1035', 1035, 213, 53, 126, 14, 20),
('GD1036', 1036, 150, 68, 79, 1, 2),
('GD1037', 1037, 169, 64, 101, 4, 0),
('GD1038', 1038, 415, 189, 205, 7, 14),
('GD1039', 1039, 146, 60, 85, 1, 0),
('GD1040', 1040, 146, 64, 82, 0, 0),
('GD1041', 1041, 191, 96, 92, 1, 2),
('GD1042', 1042, 131, 61, 69, 0, 1),
('GD1043', 1043, 136, 57, 78, 1, 0),
('GD1044', 1044, 272, 107, 161, 4, 0),
('GD1045', 1045, 162, 50, 112, 0, 0),
('GD1046', 1046, 219, 77, 141, 0, 1),
('GD1047', 1047, 86, 36, 50, 0, 0),
('GD1048', 1048, 113, 46, 67, 0, 0),
('GD1049', 1049, 146, 48, 95, 0, 3),
('GD1050', 1050, 244, 106, 137, 1, 0),
('GD1051', 1051, 169, 79, 90, 0, 0),
('GD1052', 1052, 170, 62, 108, 0, 0),
('GD1053', 1053, 282, 130, 152, 0, 0),
('GD1054', 1054, 119, 55, 64, 0, 0),
('GD1055', 1055, 124, 43, 81, 0, 0),
('GD1056', 1056, 183, 91, 92, 0, 0),
('GD1057', 1057, 139, 64, 75, 0, 0),
('GD1058', 1058, 181, 85, 96, 0, 0),
('GD1059', 1059, 434, 181, 253, 0, 0),
('GD1060', 1060, 98, 67, 31, 0, 0),
('GD1061', 1061, 521, 238, 279, 0, 4),
('GD1062', 1062, 604, 245, 354, 3, 2),
('GD1063', 1063, 197, 76, 121, 0, 0),
('GD1064', 1064, 164, 77, 85, 2, 0),
('GD1065', 1065, 25, 7, 18, 0, 0),
('GD1066', 1066, 196, 95, 96, 1, 4),
('GD1067', 1067, 563, 273, 287, 1, 2),
('GD1068', 1068, 92, 31, 61, 0, 0),
('GD1069', 1069, 271, 125, 146, 0, 0),
('GD1070', 1070, 262, 120, 139, 3, 0),
('GD1071', 1071, 184, 83, 100, 0, 1),
('GD1072', 1072, 163, 81, 81, 0, 1),
('GD1073', 1073, 161, 80, 75, 0, 6),
('GD1074', 1074, 155, 70, 85, 0, 0),
('GD1075', 1075, 252, 113, 138, 0, 1),
('GD1076', 1076, 184, 57, 127, 0, 0),
('GD1077', 1077, 156, 86, 68, 2, 0),
('GD1078', 1078, 115, 59, 54, 1, 1),
('GD1079', 1079, 156, 92, 64, 0, 0),
('GD1080', 1080, 159, 68, 83, 8, 0),
('GD1081', 1081, 108, 65, 43, 0, 0),
('GD1082', 1082, 147, 54, 93, 0, 0),
('GD1083', 1083, 204, 98, 106, 0, 0),
('GD1084', 1084, 116, 50, 66, 0, 0),
('GD1085', 1085, 320, 121, 198, 1, 0),
('GD1086', 1086, 275, 98, 177, 0, 0),
('GD1087', 1087, 208, 78, 127, 3, 0),
('GD1088', 1088, 88, 38, 47, 1, 2),
('GD1089', 1089, 195, 96, 99, 0, 0),
('GD1090', 1090, 219, 88, 129, 0, 2),
('GD1091', 1091, 201, 74, 115, 0, 12),
('GD1092', 1092, 77, 36, 41, 0, 0),
('GD1093', 1093, 152, 72, 80, 0, 0),
('GD1094', 1094, 353, 152, 200, 0, 1),
('GD1095', 1095, 211, 100, 109, 2, 0),
('GD1096', 1096, 302, 142, 154, 6, 0),
('GD1097', 1097, 218, 81, 130, 5, 2),
('GD1098', 1098, 130, 65, 65, 0, 0),
('GD1099', 1099, 166, 81, 85, 0, 0),
('GD1100', 1100, 123, 60, 63, 0, 0),
('GD1101', 1101, 136, 68, 68, 0, 0),
('GD1102', 1102, 344, 111, 207, 7, 19),
('GD1103', 1103, 96, 44, 50, 2, 0),
('GD1104', 1104, 150, 82, 66, 0, 2),
('GD1105', 1105, 382, 123, 255, 1, 3),
('GD1106', 1106, 234, 113, 116, 0, 5),
('GD1107', 1107, 92, 41, 50, 0, 1),
('GD1108', 1108, 348, 121, 222, 0, 5),
('GD1109', 1109, 429, 158, 257, 14, 0),
('GD1110', 1110, 127, 44, 77, 6, 0),
('GD1111', 1111, 179, 71, 107, 0, 1),
('GD1112', 1112, 90, 44, 46, 0, 0),
('GD1113', 1113, 235, 73, 157, 4, 1),
('GD1114', 1114, 104, 43, 61, 0, 0),
('GD1115', 1115, 126, 54, 72, 0, 0),
('GD1116', 1116, 241, 104, 132, 0, 5),
('GD1117', 1117, 180, 89, 91, 0, 0),
('GD1118', 1118, 216, 82, 114, 16, 4),
('GD1119', 1119, 87, 42, 42, 2, 1),
('GD1120', 1120, 149, 69, 80, 0, 0),
('GD1121', 1121, 166, 64, 102, 0, 0),
('GD1122', 1122, 159, 94, 65, 0, 0),
('GD1123', 1123, 290, 105, 181, 0, 4),
('GD1124', 1124, 107, 49, 56, 2, 0),
('GD1125', 1125, 131, 53, 76, 2, 0),
('GD1126', 1126, 248, 109, 120, 4, 15),
('GD1127', 1127, 182, 73, 107, 0, 2),
('GD1128', 1128, 119, 60, 57, 0, 2),
('GD1129', 1129, 111, 39, 72, 0, 0),
('GD1130', 1130, 125, 48, 77, 0, 0),
('GD1131', 1131, 109, 45, 64, 0, 0),
('GD1132', 1132, 112, 48, 64, 0, 0),
('GD1133', 1133, 134, 50, 83, 0, 1),
('GD1134', 1134, 148, 48, 99, 0, 1),
('GD1135', 1135, 401, 156, 237, 5, 3),
('GD1136', 1136, 180, 60, 116, 3, 1),
('GD1137', 1137, 152, 61, 89, 0, 2),
('GD1138', 1138, 257, 78, 177, 2, 0),
('GD1139', 1139, 160, 63, 95, 1, 1),
('GD1140', 1140, 244, 97, 147, 0, 0),
('GD1141', 1141, 214, 66, 139, 6, 3),
('GD1142', 1142, 237, 121, 113, 0, 3),
('GD1143', 1143, 204, 101, 102, 1, 0),
('GD1144', 1144, 86, 45, 40, 0, 1),
('GD1145', 1145, 376, 148, 226, 2, 0),
('GD1146', 1146, 189, 76, 113, 0, 0),
('GD1147', 1147, 112, 58, 52, 0, 2),
('GD1148', 1148, 190, 85, 105, 0, 0),
('GD1149', 1149, 237, 94, 143, 0, 0),
('GD1150', 1150, 351, 138, 208, 3, 2),
('GD1151', 1151, 273, 131, 139, 0, 3),
('GD1152', 1152, 284, 119, 164, 1, 0),
('GD1153', 1153, 157, 67, 89, 0, 1),
('GD1154', 1154, 260, 93, 167, 0, 0),
('GD1155', 1155, 174, 68, 103, 2, 1),
('GD1156', 1156, 305, 115, 188, 1, 1),
('GD1157', 1157, 398, 149, 245, 1, 3),
('GD1158', 1158, 239, 101, 137, 0, 1),
('GD1159', 1159, 213, 109, 99, 2, 3),
('GD1160', 1160, 142, 66, 74, 0, 2),
('GD1161', 1161, 140, 64, 75, 0, 1),
('GD1162', 1162, 260, 131, 129, 0, 0),
('GD1163', 1163, 219, 78, 141, 0, 0),
('GD1164', 1164, 156, 75, 80, 0, 1),
('GD1165', 1165, 161, 73, 88, 0, 0),
('GD1166', 1166, 176, 91, 83, 0, 2),
('GD1167', 1167, 205, 79, 112, 0, 14),
('GD1168', 1168, 81, 39, 42, 0, 0),
('GD1169', 1169, 141, 62, 76, 3, 0),
('GD1170', 1170, 379, 146, 227, 6, 0),
('GD1171', 1171, 349, 118, 206, 0, 25),
('GD1172', 1172, 115, 40, 75, 0, 0),
('GD1173', 1173, 134, 57, 70, 3, 4),
('GD1174', 1174, 107, 50, 56, 1, 0),
('GD1175', 1175, 141, 62, 78, 1, 0),
('GD1176', 1176, 97, 41, 52, 2, 2),
('GD1177', 1177, 167, 70, 96, 0, 1),
('GD1178', 1178, 201, 64, 131, 4, 2),
('GD1179', 1179, 161, 74, 85, 0, 2),
('GD1180', 1180, 305, 142, 162, 1, 0),
('GD1181', 1181, 175, 76, 98, 1, 0),
('GD1182', 1182, 106, 57, 48, 1, 0),
('GD1183', 1183, 125, 66, 58, 1, 0),
('GD1184', 1184, 244, 129, 110, 4, 1),
('GD1185', 1185, 181, 68, 107, 2, 4),
('GD1186', 1186, 126, 57, 66, 0, 3),
('GD1187', 1187, 108, 58, 50, 0, 0),
('GD1188', 1188, 89, 32, 56, 0, 1),
('GD1189', 1189, 121, 67, 53, 1, 0),
('GD1190', 1190, 149, 66, 79, 3, 1),
('GD1191', 1191, 242, 123, 117, 1, 1),
('GD1192', 1192, 122, 57, 65, 0, 0),
('GD1193', 1193, 153, 70, 83, 0, 0),
('GD1194', 1194, 169, 80, 89, 0, 0),
('GD1195', 1195, 83, 33, 39, 8, 3),
('GD1196', 1196, 201, 95, 103, 3, 0);


INSERT INTO race_demographics (
    race_demographics_id, school_id, race_unknown, white, hispanic, 
	american_indian, asian, african_american, native_hawaiian_pacific_islander,
	two_or_more_races
)
VALUES
('RD1001', 1001, 4, 108, 3, 0, 2, 7, 0, 1),
('RD1002', 1002, 3, 97, 3, 0, 5, 14, 0, 2),
('RD1003', 1003, 10, 126, 23, 0, 10, 9, 0, 6),
('RD1004', 1004, 15, 226, 66, 0, 46, 23, 0, 19),
('RD1005', 1005, 2, 37, 6, 3, 2, 11, 0, 0),
('RD1006', 1006, 9, 121, 26, 9, 8, 5, 0, 10),
('RD1007', 1007, 6, 80, 14, 10, 5, 0, 1, 2),
('RD1008', 1008, 2, 95, 17, 1, 2, 4, 0, 8),
('RD1009', 1009, 8, 91, 12, 1, 3, 11, 0, 6),
('RD1010', 1010, 5, 51, 12, 3, 7, 44, 0, 0),
('RD1011', 1011, 6, 62, 26, 0, 4, 0, 1, 0),
('RD1012', 1012, 6, 123, 9, 0, 23, 35, 0, 30),
('RD1013', 1013, 10, 103, 82, 0, 8, 25, 0, 11),
('RD1014', 1014, 7, 64, 14, 0, 3, 3, 0, 3),
('RD1015', 1015, 8, 90, 8, 1, 1, 2, 0, 5),
('RD1016', 1016, 5, 135, 5, 0, 19, 19, 0, 20),
('RD1017', 1017, 1, 129, 38, 0, 35, 12, 0, 11),
('RD1018', 1018, 0, 79, 5, 1, 6, 2, 0, 10),
('RD1019', 1019, 9, 222, 52, 0, 50, 17, 0, 10),
('RD1020', 1020, 7, 110, 60, 2, 20, 6, 1, 14),
('RD1021', 1021, 4, 137, 38, 3, 67, 15, 0, 37),
('RD1022', 1022, 5, 91, 40, 1, 35, 10, 0, 14),
('RD1023', 1023, 4, 66, 22, 0, 40, 4, 0, 8),
('RD1024', 1024, 7, 150, 52, 2, 46, 28, 0, 22),
('RD1025', 1025, 9, 129, 12, 2, 7, 14, 0, 11),
('RD1026', 1026, 6, 121, 2, 0, 3, 12, 0, 6),
('RD1027', 1027, 40, 166, 38, 0, 34, 13, 0, 11),
('RD1028', 1028, 8, 119, 11, 1, 10, 11, 0, 0),
('RD1029', 1029, 3, 81, 5, 0, 4, 6, 0, 13),
('RD1030', 1030, 19, 52, 29, 0, 16, 7, 0, 11),
('RD1031', 1031, 13, 212, 16, 2, 1, 0, 0, 15),
('RD1032', 1032, 7, 135, 35, 0, 14, 9, 0, 12),
('RD1033', 1033, 6, 87, 24, 0, 23, 16, 0, 31),
('RD1034', 1034, 5, 91, 9, 1, 1, 5, 0, 10),
('RD1035', 1035, 5, 70, 52, 0, 31, 36, 0, 18),
('RD1036', 1036, 7, 100, 3, 1, 9, 15, 2, 11),
('RD1037', 1037, 1, 111, 34, 1, 9, 2, 0, 11),
('RD1038', 1038, 11, 170, 44, 0, 53, 48, 0, 15),
('RD1039', 1039, 6, 93, 22, 0, 10, 14, 0, 1),
('RD1040', 1040, 4, 91, 7, 0, 3, 16, 0, 22),
('RD1041', 1041, 7, 81, 27, 0, 25, 7, 0, 10),
('RD1042', 1042, 2, 88, 22, 1, 3, 6, 4, 5),
('RD1043', 1043, 4, 93, 15, 0, 7, 11, 0, 5),
('RD1044', 1044, 12, 203, 29, 0, 8, 4, 0, 10),
('RD1045', 1045, 6, 111, 18, 0, 9, 12, 0, 0),
('RD1046', 1046, 8, 109, 8, 0, 3, 18, 0, 5),
('RD1047', 1047, 1, 28, 13, 1, 5, 33, 0, 2),
('RD1048', 1048, 0, 102, 4, 0, 2, 3, 0, 2),
('RD1049', 1049, 3, 88, 13, 0, 21, 15, 0, 3),
('RD1050', 1050, 2, 123, 27, 1, 30, 19, 0, 15),
('RD1051', 1051, 4, 132, 13, 0, 6, 7, 0, 5),
('RD1052', 1052, 2, 134, 5, 0, 4, 6, 0, 17),
('RD1053', 1053, 11, 121, 20, 0, 38, 37, 0, 16),
('RD1054', 1054, 3, 83, 1, 0, 1, 22, 0, 8),
('RD1055', 1055, 1, 35, 31, 0, 4, 41, 0, 10),
('RD1056', 1056, 7, 52, 106, 1, 4, 11, 0, 0),
('RD1057', 1057, 3, 88, 24, 0, 8, 9, 0, 6),
('RD1058', 1058, 7, 108, 22, 0, 9, 11, 0, 4),
('RD1059', 1059, 2, 271, 36, 0, 47, 44, 0, 11),
('RD1060', 1060, 14, 60, 7, 0, 6, 4, 0, 4),
('RD1061', 1061, 17, 276, 45, 0, 53, 40, 0, 24),
('RD1062', 1062, 20, 363, 40, 2, 76, 59, 0, 0),
('RD1063', 1063, 5, 101, 29, 1, 22, 37, 0, 0),
('RD1064', 1064, 4, 121, 9, 1, 11, 18, 0, 0),
('RD1065', 1065, 0, 9, 5, 0, 2, 1, 1, 0),
('RD1066', 1066, 4, 135, 25, 2, 12, 1, 0, 15),
('RD1067', 1067, 15, 280, 63, 0, 102, 43, 1, 28),
('RD1068', 1068, 3, 26, 9, 0, 18, 3, 1, 31),
('RD1069', 1069, 12, 184, 29, 1, 19, 22, 0, 3),
('RD1070', 1070, 12, 131, 50, 0, 36, 15, 2, 6),
('RD1071', 1071, 0, 0, 0, 0, 0, 151, 0, 30),
('RD1072', 1072, 6, 106, 9, 4, 2, 6, 1, 27),
('RD1073', 1073, 26, 72, 18, 0, 13, 9, 0, 4),
('RD1074', 1074, 1, 102, 22, 0, 5, 10, 0, 7),
('RD1075', 1075, 0, 196, 8, 1, 12, 14, 0, 21),
('RD1076', 1076, 0, 0, 183, 0, 0, 1, 0, 0),
('RD1077', 1077, 7, 118, 10, 1, 6, 2, 0, 11),
('RD1078', 1078, 1, 83, 17, 0, 6, 4, 0, 4),
('RD1079', 1079, 2, 128, 2, 0, 2, 7, 0, 12),
('RD1080', 1080, 5, 122, 17, 0, 3, 1, 0, 8),
('RD1081', 1081, 3, 79, 10, 0, 4, 5, 0, 6),
('RD1082', 1082, 4, 113, 4, 0, 3, 8, 0, 14),
('RD1083', 1083, 6, 152, 16, 1, 6, 15, 0, 6),
('RD1084', 1084, 4, 87, 16, 1, 2, 2, 0, 3),
('RD1085', 1085, 13, 155, 70, 0, 39, 20, 3, 10),
('RD1086', 1086, 1, 175, 33, 1, 37, 15, 0, 12),
('RD1087', 1087, 5, 131, 30, 1, 5, 25, 0, 10),
('RD1088', 1088, 3, 70, 6, 0, 3, 1, 0, 4),
('RD1089', 1089, 3, 149, 24, 0, 5, 8, 0, 6),
('RD1090', 1090, 6, 128, 13, 0, 20, 37, 1, 8),
('RD1091', 1091, 6, 85, 18, 2, 26, 11, 1, 47),
('RD1092', 1092, 1, 55, 6, 0, 4, 8, 0, 3),
('RD1093', 1093, 2, 114, 12, 0, 5, 14, 0, 5),
('RD1094', 1094, 8, 152, 141, 0, 18, 12, 0, 15),
('RD1095', 1095, 10, 120, 33, 2, 7, 23, 0, 8),
('RD1096', 1096, 8, 180, 32, 2, 44, 18, 0, 15),
('RD1097', 1097, 5, 148, 27, 0, 12, 11, 0, 6),
('RD1098', 1098, 27, 74, 1, 0, 1, 19, 0, 8),
('RD1099', 1099, 0, 124, 6, 0, 5, 22, 0, 6),
('RD1100', 1100, 0, 102, 8, 1, 2, 9, 0, 0),
('RD1101', 1101, 4, 106, 7, 1, 3, 7, 0, 6),
('RD1102', 1102, 18, 218, 38, 11, 12, 34, 0, 9),
('RD1103', 1103, 4, 72, 1, 0, 2, 1, 0, 16),
('RD1104', 1104, 5, 117, 17, 2, 1, 4, 1, 0),
('RD1105', 1105, 20, 237, 17, 0, 22, 16, 0, 58),
('RD1106', 1106, 13, 156, 22, 0, 19, 9, 0, 8),
('RD1107', 1107, 3, 35, 38, 3, 3, 4, 0, 5),
('RD1108', 1108, 18, 214, 45, 0, 29, 16, 0, 12),
('RD1109', 1109, 8, 212, 46, 0, 69, 41, 0, 15),
('RD1110', 1110, 1, 33, 13, 4, 3, 73, 0, 0),
('RD1111', 1111, 1, 120, 21, 0, 18, 13, 0, 6),
('RD1112', 1112, 5, 56, 3, 0, 1, 3, 1, 8),
('RD1113', 1113, 7, 139, 18, 0, 31, 10, 0, 17),
('RD1114', 1114, 0, 64, 13, 1, 10, 10, 0, 2),
('RD1115', 1115, 1, 105, 8, 0, 2, 5, 0, 5),
('RD1116', 1116, 4, 111, 30, 0, 28, 25, 0, 16),
('RD1117', 1117, 9, 99, 30, 1, 10, 10, 1, 11),
('RD1118', 1118, 10, 87, 82, 0, 8, 17, 0, 5),
('RD1119', 1119, 9, 55, 7, 0, 3, 9, 0, 3),
('RD1120', 1120, 1, 86, 22, 6, 2, 11, 0, 16),
('RD1121', 1121, 5, 114, 15, 5, 2, 4, 0, 20),
('RD1122', 1122, 4, 100, 28, 0, 13, 2, 0, 8),
('RD1123', 1123, 10, 201, 28, 3, 18, 18, 0, 10),
('RD1124', 1124, 3, 54, 13, 1, 11, 9, 0, 5),
('RD1125', 1125, 4, 90, 13, 0, 8, 9, 0, 1),
('RD1126', 1126, 6, 128, 34, 0, 31, 19, 0, 12),
('RD1127', 1127, 12, 117, 17, 0, 13, 5, 0, 13),
('RD1128', 1128, 2, 84, 8, 0, 10, 7, 0, 6),
('RD1129', 1129, 0, 0, 111, 0, 0, 0, 0, 0),
('RD1130', 1130, 8, 0, 107, 0, 0, 0, 0, 10),
('RD1131', 1131, 6, 71, 18, 0, 5, 5, 0, 3),
('RD1132', 1132, 10, 83, 7, 0, 3, 4, 0, 5),
('RD1133', 1133, 8, 86, 12, 0, 9, 5, 0, 8),
('RD1134', 1134, 6, 103, 23, 0, 3, 9, 0, 3),
('RD1135', 1135, 16, 238, 40, 0, 34, 42, 0, 13),
('RD1136', 1136, 1, 131, 15, 0, 6, 14, 0, 10),
('RD1137', 1137, 5, 109, 10, 0, 1, 23, 0, 3),
('RD1138', 1138, 7, 131, 57, 1, 35, 3, 0, 18),
('RD1139', 1139, 7, 54, 45, 1, 23, 11, 0, 14),
('RD1140', 1140, 5, 105, 55, 0, 46, 7, 2, 10),
('RD1141', 1141, 12, 104, 34, 3, 34, 7, 0, 16),
('RD1142', 1142, 8, 145, 41, 0, 24, 9, 0, 6),
('RD1143', 1143, 6, 162, 13, 0, 3, 13, 0, 5),
('RD1144', 1144, 3, 73, 3, 0, 0, 5, 0, 2),
('RD1145', 1145, 18, 175, 109, 0, 27, 28, 0, 13),
('RD1146', 1146, 11, 69, 28, 0, 36, 16, 0, 13),
('RD1147', 1147, 7, 72, 3, 0, 0, 13, 0, 17),
('RD1148', 1148, 3, 130, 25, 0, 12, 11, 0, 6),
('RD1149', 1149, 3, 68, 16, 1, 1, 137, 0, 9),
('RD1150', 1150, 10, 154, 103, 1, 37, 11, 0, 21),
('RD1151', 1151, 15, 141, 47, 0, 36, 16, 0, 8),
('RD1152', 1152, 13, 102, 147, 3, 7, 11, 1, 0),
('RD1153', 1153, 1, 121, 13, 0, 6, 7, 0, 5),
('RD1154', 1154, 8, 38, 189, 1, 2, 12, 1, 4),
('RD1155', 1155, 6, 63, 26, 2, 35, 12, 0, 16),
('RD1156', 1156, 10, 225, 45, 0, 7, 10, 0, 7),
('RD1157', 1157, 33, 248, 41, 3, 33, 24, 0, 8),
('RD1158', 1158, 11, 154, 21, 1, 13, 22, 1, 8),
('RD1159', 1159, 6, 123, 21, 0, 27, 21, 0, 8),
('RD1160', 1160, 9, 101, 14, 0, 3, 9, 0, 6),
('RD1161', 1161, 7, 85, 20, 0, 8, 4, 0, 11),
('RD1162', 1162, 7, 166, 27, 0, 24, 17, 0, 7),
('RD1163', 1163, 3, 27, 69, 0, 9, 96, 0, 11),
('RD1164', 1164, 8, 96, 34, 1, 7, 7, 0, 3),
('RD1165', 1165, 5, 114, 2, 0, 12, 10, 0, 17),
('RD1166', 1166, 12, 129, 26, 0, 8, 17, 0, 8),
('RD1167', 1167, 6, 52, 5, 2, 2, 2, 0, 12),
('RD1168', 1168, 7, 103, 9, 0, 6, 9, 0, 2),
('RD1169', 1169, 10, 162, 85, 0, 78, 4, 0, 24),
('RD1170', 1170, 16, 212, 44, 0, 31, 32, 0, 7),
('RD1171', 1171, 10, 72, 13, 0, 3, 6, 0, 5),
('RD1172', 1172, 6, 69, 22, 1, 13, 10, 0, 10),
('RD1173', 1173, 3, 83, 1, 0, 3, 6, 0, 8),
('RD1174', 1174, 10, 101, 31, 3, 15, 13, 1, 0),
('RD1175', 1175, 4, 77, 37, 0, 7, 11, 0, 5),
('RD1176', 1176, 4, 79, 10, 1, 1, 0, 0, 1),
('RD1177', 1177, 5, 101, 18, 0, 16, 17, 0, 9),
('RD1178', 1178, 11, 129, 32, 0, 7, 13, 0, 8),
('RD1179', 1179, 5, 113, 11, 0, 16, 10, 0, 4),
('RD1180', 1180, 8, 183, 30, 0, 34, 32, 0, 14),
('RD1181', 1181, 4, 135, 8, 1, 9, 6, 1, 7),
('RD1182', 1182, 3, 82, 10, 3, 2, 6, 0, 0),
('RD1183', 1183, 27, 52, 12, 0, 13, 13, 1, 0),
('RD1184', 1184, 3, 134, 18, 0, 21, 21, 0, 9),
('RD1185', 1185, 10, 98, 21, 2, 32, 4, 0, 9),
('RD1186', 1186, 5, 96, 1, 0, 4, 10, 0, 7),
('RD1187', 1187, 4, 87, 5, 1, 2, 4, 0, 5),
('RD1188', 1188, 6, 52, 15, 1, 5, 7, 0, 0),
('RD1189', 1189, 3, 50, 39, 0, 15, 1, 1, 6),
('RD1190', 1190, 7, 100, 17, 2, 6, 15, 0, 0),
('RD1191', 1191, 15, 157, 25, 0, 9, 28, 0, 5),
('RD1192', 1192, 8, 66, 17, 0, 19, 3, 0, 7),
('RD1193', 1193, 9, 106, 6, 0, 10, 17, 0, 0),
('RD1194', 1194, 2, 121, 18, 1, 3, 9, 0, 7),
('RD1195', 1195, 8, 60, 11, 0, 3, 1, 0, 0),
('RD1196', 1196, 1, 84, 33, 1, 34, 23, 0, 12);

/*
Schools with tuition costs above the average tuition, 
along with their grant percentages
*/
SELECT ls.school_name, g.tuition, g.percent_students_receiving_grants
FROM law_schools ls
JOIN grants g ON ls.school_id = g.school_id
WHERE g.tuition > (SELECT AVG(tuition) FROM grants)
ORDER BY g.tuition DESC;

/*
Schools with the highest underemployment rate among graduates
*/
SELECT ls.school_name, ed.under_employed
FROM law_schools ls
JOIN employment_data ed ON ls.school_id = ed.school_id
ORDER BY ed.under_employed DESC
LIMIT 10;

/*
Average debt and borrowing percentage for public 
and private schools
*/
SELECT d.institution_type, 
       AVG(d.avg_loan_disbursement) AS avg_debt, 
       AVG(d.percent_borrowing) AS avg_borrowing
FROM debt d
GROUP BY d.institution_type;

/*
Top Five schools with the most racially diverse student populations
Find the schools with the highest full-time employment rate post-graduation
*/
SELECT ls.school_name, 
       rd.white, rd.hispanic, rd.african_american, rd.asian, 
       rd.native_hawaiian_pacific_islander, rd.two_or_more_races
FROM law_schools ls
JOIN race_demographics rd ON ls.school_id = rd.school_id
ORDER BY (rd.white + rd.hispanic + rd.african_american + rd.asian 
          + rd.native_hawaiian_pacific_islander + rd.two_or_more_races) DESC
LIMIT 5;

/*
Top Ten schools with the highest full-time employment
after post-graduation
*/
SELECT ls.school_name, ed.full_time_employed
FROM law_schools ls
JOIN employment_data ed ON ls.school_id = ed.school_id
ORDER BY ed.full_time_employed DESC
LIMIT 10;

/*
Top Ten schools with the highest bar exam pass rates
*/
SELECT ls.school_name, be.avg_school_pass_percent
FROM law_schools ls
JOIN bar_exam be ON ls.school_id = be.school_id
ORDER BY be.avg_school_pass_percent DESC
LIMIT 10;


/*
Law schools with their accreditation status
*/
SELECT school_name, city, state, accreditation
FROM law_schools
ORDER BY school_name;

/* 
All law schools located in Massachusetts with aliasing for clarity.
*/
SELECT school_name AS "Law School", city AS "Location"
FROM law_schools
WHERE state = 'Massachusetts';

/* 

Number of schools in each state with accredited programs.
*/
SELECT state, COUNT(school_id) AS "Number of Schools"
FROM law_schools
WHERE accreditation = TRUE
GROUP BY state
ORDER BY "Number of Schools" DESC;


/* 
Tuition and the percentage of students receiving grants for schools
in California.
*/
SELECT ls.school_name, g.tuition, g.percent_students_receiving_grants
FROM law_schools ls
JOIN grants g ON ls.school_id = g.school_id
WHERE ls.state = 'California';

/* 
Law schools in Massachusetts and California.
*/
SELECT school_name, state
FROM law_schools
WHERE state = 'Massachusetts'
UNION
SELECT school_name, state
FROM law_schools
WHERE state = 'California';


/* 
Schools based on their bar exam pass percentage.
*/
SELECT ls.school_name,
       CASE 
           WHEN b.avg_school_pass_percent >= 90 THEN 'Excellent'
           WHEN b.avg_school_pass_percent >= 75 THEN 'Good'
           ELSE 'Needs Improvement'
       END AS "Performance Category"
FROM law_schools ls
JOIN bar_exam b ON ls.school_id = b.school_id;


/* 
Employment data by school and overall totals.
*/
SELECT ls.school_name, 
       SUM(e.full_time_employed) AS "Total Employed", 
       SUM(e.under_employed) AS "Under Employed"
FROM law_schools ls
JOIN employment_data e ON ls.school_id = e.school_id
GROUP BY ROLLUP(ls.school_name);

/* 
Schools with the highest percentage of students receiving grants and their employment outcomes.
*/
SELECT ls.school_name, g.percent_students_receiving_grants, e.full_time_employed, e.public_service
FROM law_schools ls
JOIN grants g ON ls.school_id = g.school_id
JOIN employment_data e ON ls.school_id = e.school_id
ORDER BY g.percent_students_receiving_grants DESC
LIMIT 5;

/* 
Schools with the highest percentage of African American students.
*/
SELECT ls.school_name, 
       rd.african_american / rd.race_unknown AS "Percentage African American"
FROM law_schools ls
JOIN race_demographics rd ON ls.school_id = rd.school_id
WHERE rd.race_unknown > 0
ORDER BY "Percentage African American" DESC
LIMIT 10;


/* 
Total applications vs. total offers for the top 5 schools with the highest offers.
*/
SELECT ls.school_name, a.total_applications, a.total_offers
FROM law_schools ls
JOIN admissions a ON ls.school_id = a.school_id
ORDER BY a.total_offers DESC
LIMIT 5;

/* 
School with the highest debt-to-grant ratio.
*/
SELECT ls.school_name, 
       d.avg_loan_disbursement / g.tuition AS "Debt-to-Grant Ratio"
FROM law_schools ls
JOIN debt d ON ls.school_id = d.school_id
JOIN grants g ON ls.school_id = g.school_id
WHERE g.tuition > 0
ORDER BY "Debt-to-Grant Ratio" DESC
LIMIT 1;

